ISO-10303-21;
HEADER;
FILE_DESCRIPTION (( 'STEP AP203' ),
    '1' );
FILE_NAME ('TC7S14FU,LF.STEP',
    '2022-11-28T17:32:44',
    ( '' ),
    ( '' ),
    'SwSTEP 2.0',
    'SolidWorks 2021',
    '' );
FILE_SCHEMA (( 'CONFIG_CONTROL_DESIGN' ));
ENDSEC;

DATA;
#1 = ORIENTED_EDGE ( 'NONE', *, *, #1153, .T. ) ;
#2 = FACE_OUTER_BOUND ( 'NONE', #307, .T. ) ;
#3 = ORIENTED_EDGE ( 'NONE', *, *, #1299, .T. ) ;
#4 = CARTESIAN_POINT ( 'NONE',  ( 0.9000000000000001332, -1.355252715606880543E-17, -0.7499999999999997780 ) ) ;
#5 = CYLINDRICAL_SURFACE ( 'NONE', #477, 0.09999999999999993616 ) ;
#6 = EDGE_CURVE ( 'NONE', #1787, #857, #471, .T. ) ;
#7 = ORIENTED_EDGE ( 'NONE', *, *, #618, .T. ) ;
#8 = LINE ( 'NONE', #1259, #1306 ) ;
#9 = ORIENTED_EDGE ( 'NONE', *, *, #720, .F. ) ;
#10 = VECTOR ( 'NONE', #1030, 1000.000000000000000 ) ;
#11 = FACE_OUTER_BOUND ( 'NONE', #669, .T. ) ;
#12 = VECTOR ( 'NONE', #181, 1000.000000000000000 ) ;
#13 = ORIENTED_EDGE ( 'NONE', *, *, #1330, .F. ) ;
#14 = LINE ( 'NONE', #1000, #966 ) ;
#15 = LINE ( 'NONE', #137, #1770 ) ;
#16 = VERTEX_POINT ( 'NONE', #1585 ) ;
#17 = EDGE_CURVE ( 'NONE', #318, #1783, #115, .T. ) ;
#18 = FACE_OUTER_BOUND ( 'NONE', #274, .T. ) ;
#19 = VERTEX_POINT ( 'NONE', #1568 ) ;
#20 = DIRECTION ( 'NONE',  ( 1.000000000000000000, 0.000000000000000000, 0.000000000000000000 ) ) ;
#21 = VERTEX_POINT ( 'NONE', #192 ) ;
#22 = DIRECTION ( 'NONE',  ( 1.000000000000000000, 0.000000000000000000, 0.000000000000000000 ) ) ;
#23 = LINE ( 'NONE', #594, #1194 ) ;
#24 = EDGE_LOOP ( 'NONE', ( #1661, #1124, #267, #503, #723, #611, #1060, #1598, #542 ) ) ;
#25 = CARTESIAN_POINT ( 'NONE',  ( 0.8000000000000000444, -1.355252715606880543E-17, -0.7499999999999997780 ) ) ;
#26 = VECTOR ( 'NONE', #1200, 1000.000000000000000 ) ;
#27 = ADVANCED_FACE ( 'NONE', ( #1425 ), #1149, .T. ) ;
#28 = ORIENTED_EDGE ( 'NONE', *, *, #1731, .F. ) ;
#29 = EDGE_CURVE ( 'NONE', #631, #682, #304, .T. ) ;
#30 = AXIS2_PLACEMENT_3D ( 'NONE', #816, #1376, #683 ) ;
#31 = CARTESIAN_POINT ( 'NONE',  ( 0.9600000000000001865, 0.5869192627366166537, -0.7499999999999997780 ) ) ;
#32 = LINE ( 'NONE', #1739, #1059 ) ;
#33 = DIRECTION ( 'NONE',  ( 0.000000000000000000, 0.000000000000000000, 1.000000000000000000 ) ) ;
#34 = DIRECTION ( 'NONE',  ( 1.000000000000000000, 0.000000000000000000, 0.000000000000000000 ) ) ;
#35 = CARTESIAN_POINT ( 'NONE',  ( -0.9000000000000006883, -0.1000000000000000056, 1.149999999999999689 ) ) ;
#36 = ORIENTED_EDGE ( 'NONE', *, *, #815, .F. ) ;
#37 = CARTESIAN_POINT ( 'NONE',  ( -1.060000000000000275, 0.05999999999999999778, 0.1499999999999996891 ) ) ;
#38 = EDGE_CURVE ( 'NONE', #515, #902, #863, .T. ) ;
#39 = LINE ( 'NONE', #479, #765 ) ;
#40 = DIRECTION ( 'NONE',  ( 0.000000000000000000, 0.000000000000000000, -1.000000000000000000 ) ) ;
#41 = AXIS2_PLACEMENT_3D ( 'NONE', #1088, #587, #1688 ) ;
#42 = ORIENTED_EDGE ( 'NONE', *, *, #1357, .F. ) ;
#43 = FACE_OUTER_BOUND ( 'NONE', #988, .T. ) ;
#44 = VERTEX_POINT ( 'NONE', #166 ) ;
#45 = EDGE_CURVE ( 'NONE', #1271, #1803, #1737, .T. ) ;
#46 = CARTESIAN_POINT ( 'NONE',  ( -0.8600000000000000977, 0.6869192627366166315, 0.7499999999999997780 ) ) ;
#47 = EDGE_CURVE ( 'NONE', #1271, #19, #1223, .T. ) ;
#48 = CARTESIAN_POINT ( 'NONE',  ( -0.8600000000000000977, 0.6869192627366166315, 0.7499999999999997780 ) ) ;
#49 = PLANE ( 'NONE',  #1581 ) ;
#50 = CARTESIAN_POINT ( 'NONE',  ( -1.060000000000000275, 0.06000000000000001860, -0.2500000000000003331 ) ) ;
#51 = CARTESIAN_POINT ( 'NONE',  ( 0.8000000000000001554, 0.6869192627366166315, -0.7499999999999997780 ) ) ;
#52 = ORIENTED_EDGE ( 'NONE', *, *, #1686, .F. ) ;
#53 = AXIS2_PLACEMENT_3D ( 'NONE', #680, #1096, #960 ) ;
#54 = VERTEX_POINT ( 'NONE', #1623 ) ;
#55 = CARTESIAN_POINT ( 'NONE',  ( -1.060000000000000275, 0.06000000000000001860, 0.1499999999999996891 ) ) ;
#56 = LINE ( 'NONE', #1785, #1111 ) ;
#57 = LINE ( 'NONE', #1328, #590 ) ;
#58 = DIRECTION ( 'NONE',  ( 1.000000000000000000, 0.000000000000000000, -0.000000000000000000 ) ) ;
#59 = LINE ( 'NONE', #620, #309 ) ;
#60 = EDGE_CURVE ( 'NONE', #1626, #516, #1320, .T. ) ;
#61 = ORIENTED_EDGE ( 'NONE', *, *, #1675, .T. ) ;
#62 = ORIENTED_EDGE ( 'NONE', *, *, #286, .T. ) ;
#63 = CARTESIAN_POINT ( 'NONE',  ( 0.9000000000000001332, -1.355252715606880543E-17, -1.149999999999999689 ) ) ;
#64 = CARTESIAN_POINT ( 'NONE',  ( -1.400000000000000133, -0.1000000000000000749, -0.7499999999999997780 ) ) ;
#65 = LINE ( 'NONE', #1478, #1588 ) ;
#66 = DIRECTION ( 'NONE',  ( -1.578354591726186430E-16, 1.000000000000000000, -0.000000000000000000 ) ) ;
#67 = VECTOR ( 'NONE', #185, 1000.000000000000000 ) ;
#68 = LINE ( 'NONE', #639, #663 ) ;
#69 = EDGE_CURVE ( 'NONE', #1555, #1397, #370, .T. ) ;
#70 = VERTEX_POINT ( 'NONE', #638 ) ;
#71 = ORIENTED_EDGE ( 'NONE', *, *, #1587, .F. ) ;
#72 = LINE ( 'NONE', #1326, #1393 ) ;
#73 = LINE ( 'NONE', #511, #353 ) ;
#74 = CARTESIAN_POINT ( 'NONE',  ( -1.400000000000000133, 0.05999999999999994227, 0.7499999999999997780 ) ) ;
#75 = VECTOR ( 'NONE', #1017, 1000.000000000000000 ) ;
#76 = FACE_OUTER_BOUND ( 'NONE', #550, .T. ) ;
#77 = DIRECTION ( 'NONE',  ( 0.000000000000000000, 0.000000000000000000, 1.000000000000000000 ) ) ;
#78 = EDGE_LOOP ( 'NONE', ( #1197, #1428, #640, #1483, #1325, #1672, #1463, #1614, #138 ) ) ;
#79 = APPROVAL_PERSON_ORGANIZATION ( #1657, #1232, #1537 ) ;
#80 = ADVANCED_BREP_SHAPE_REPRESENTATION ( 'TC7S14FU,LF', ( #475, #1404 ), #615 ) ;
#81 = ORIENTED_EDGE ( 'NONE', *, *, #1620, .T. ) ;
#82 = CARTESIAN_POINT ( 'NONE',  ( 0.8000000000000001554, 1.100000000000000089, 1.449999999999999734 ) ) ;
#83 = VECTOR ( 'NONE', #278, 1000.000000000000000 ) ;
#84 = ADVANCED_FACE ( 'NONE', ( #76 ), #647, .F. ) ;
#85 = AXIS2_PLACEMENT_3D ( 'NONE', #234, #529, #97 ) ;
#86 = CARTESIAN_POINT ( 'NONE',  ( -1.400000000000000133, -0.1000000000000000749, -0.7499999999999997780 ) ) ;
#87 = LINE ( 'NONE', #225, #321 ) ;
#88 = VECTOR ( 'NONE', #1816, 1000.000000000000000 ) ;
#89 = LINE ( 'NONE', #656, #1086 ) ;
#90 = LINE ( 'NONE', #1352, #711 ) ;
#91 = ORIENTED_EDGE ( 'NONE', *, *, #773, .F. ) ;
#92 = VERTEX_POINT ( 'NONE', #1487 ) ;
#93 = DIRECTION ( 'NONE',  ( -2.391622439306259897E-16, -1.000000000000000000, 0.000000000000000000 ) ) ;
#94 = EDGE_CURVE ( 'NONE', #801, #1787, #998, .T. ) ;
#95 = DIRECTION ( 'NONE',  ( 0.000000000000000000, 0.000000000000000000, 1.000000000000000000 ) ) ;
#96 = CARTESIAN_POINT ( 'NONE',  ( -0.9600000000000001865, 0.5869192627366166537, -0.2500000000000003331 ) ) ;
#97 = DIRECTION ( 'NONE',  ( 1.000000000000000000, -1.355252715606882022E-16, 0.000000000000000000 ) ) ;
#98 = PLANE ( 'NONE',  #296 ) ;
#99 = AXIS2_PLACEMENT_3D ( 'NONE', #648, #1488, #1361 ) ;
#100 = ORIENTED_EDGE ( 'NONE', *, *, #962, .T. ) ;
#101 = VECTOR ( 'NONE', #982, 1000.000000000000000 ) ;
#102 = EDGE_LOOP ( 'NONE', ( #1538, #1634, #651, #958 ) ) ;
#103 = DIRECTION ( 'NONE',  ( -0.000000000000000000, 0.000000000000000000, 1.000000000000000000 ) ) ;
#104 = CARTESIAN_POINT ( 'NONE',  ( -0.8000000000000001554, 0.6869192627366166315, 1.149999999999999689 ) ) ;
#105 = SECURITY_CLASSIFICATION_LEVEL ( 'unclassified' ) ;
#106 = EDGE_CURVE ( 'NONE', #1076, #1250, #779, .T. ) ;
#107 = LINE ( 'NONE', #117, #1148 ) ;
#108 = DIRECTION ( 'NONE',  ( 2.391622439306259897E-16, 1.000000000000000000, 0.000000000000000000 ) ) ;
#109 = ADVANCED_FACE ( 'NONE', ( #934 ), #927, .T. ) ;
#110 = ORIENTED_EDGE ( 'NONE', *, *, #1433, .T. ) ;
#111 = ORIENTED_EDGE ( 'NONE', *, *, #1424, .F. ) ;
#112 = LINE ( 'NONE', #1383, #1437 ) ;
#113 = AXIS2_PLACEMENT_3D ( 'NONE', #1006, #858, #600 ) ;
#114 = PERSON_AND_ORGANIZATION ( #1399, #1674 ) ;
#115 = CIRCLE ( 'NONE', #1679, 0.1000000000000000472 ) ;
#116 = ORIENTED_EDGE ( 'NONE', *, *, #762, .T. ) ;
#117 = CARTESIAN_POINT ( 'NONE',  ( -0.8600000000000000977, 0.6869192627366166315, -0.2500000000000003331 ) ) ;
#118 = CC_DESIGN_PERSON_AND_ORGANIZATION_ASSIGNMENT ( #1123, #814, ( #369 ) ) ;
#119 = CARTESIAN_POINT ( 'NONE',  ( 1.400000000000000133, -0.1000000000000000749, -0.7499999999999997780 ) ) ;
#120 = VECTOR ( 'NONE', #263, 1000.000000000000000 ) ;
#121 = CIRCLE ( 'NONE', #30, 0.1000000000000000472 ) ;
#122 = ORIENTED_EDGE ( 'NONE', *, *, #1263, .T. ) ;
#123 = ADVANCED_FACE ( 'NONE', ( #1081 ), #944, .T. ) ;
#124 = VERTEX_POINT ( 'NONE', #1472 ) ;
#125 = FACE_OUTER_BOUND ( 'NONE', #102, .T. ) ;
#126 = APPROVAL_ROLE ( '' ) ;
#127 = ORIENTED_EDGE ( 'NONE', *, *, #1263, .F. ) ;
#128 = DIRECTION ( 'NONE',  ( -1.000000000000000000, 0.000000000000000000, 0.000000000000000000 ) ) ;
#129 = DIRECTION ( 'NONE',  ( 1.000000000000000000, 0.000000000000000000, 0.000000000000000000 ) ) ;
#130 = ORIENTED_EDGE ( 'NONE', *, *, #674, .F. ) ;
#131 = ADVANCED_FACE ( 'NONE', ( #1771 ), #362, .T. ) ;
#132 = ORIENTED_EDGE ( 'NONE', *, *, #1253, .T. ) ;
#133 = LINE ( 'NONE', #1821, #1141 ) ;
#134 = PERSON_AND_ORGANIZATION_ROLE ( 'classification_officer' ) ;
#135 = ORIENTED_EDGE ( 'NONE', *, *, #1754, .T. ) ;
#136 = DIRECTION ( 'NONE',  ( 0.000000000000000000, 0.000000000000000000, 1.000000000000000000 ) ) ;
#137 = CARTESIAN_POINT ( 'NONE',  ( -0.9600000000000001865, 0.6869192627366166315, -0.7499999999999997780 ) ) ;
#138 = ORIENTED_EDGE ( 'NONE', *, *, #588, .T. ) ;
#139 = DIRECTION ( 'NONE',  ( 0.000000000000000000, 0.000000000000000000, -1.000000000000000000 ) ) ;
#140 = ORIENTED_EDGE ( 'NONE', *, *, #730, .F. ) ;
#141 = CARTESIAN_POINT ( 'NONE',  ( -0.8000000000000003775, 0.000000000000000000, -1.450000000000000178 ) ) ;
#142 = EDGE_CURVE ( 'NONE', #1752, #957, #1066, .T. ) ;
#143 = DATE_TIME_ROLE ( 'classification_date' ) ;
#144 = LOCAL_TIME ( 22, 32, 44.00000000000000000, #544 ) ;
#145 = CARTESIAN_POINT ( 'NONE',  ( -1.400000000000000133, 0.05999999999999994227, 0.1499999999999996891 ) ) ;
#146 = DIRECTION ( 'NONE',  ( 0.000000000000000000, 0.000000000000000000, -1.000000000000000000 ) ) ;
#147 = CIRCLE ( 'NONE', #1317, 0.1000000000000000472 ) ;
#148 = ORIENTED_EDGE ( 'NONE', *, *, #451, .F. ) ;
#149 = AXIS2_PLACEMENT_3D ( 'NONE', #665, #216, #1340 ) ;
#150 = LINE ( 'NONE', #670, #101 ) ;
#151 = ORIENTED_EDGE ( 'NONE', *, *, #674, .T. ) ;
#152 = CARTESIAN_POINT ( 'NONE',  ( 0.9000000000000001332, -1.355252715606880543E-17, 1.149999999999999689 ) ) ;
#153 = EDGE_CURVE ( 'NONE', #569, #525, #1351, .T. ) ;
#154 = EDGE_LOOP ( 'NONE', ( #407, #895, #465, #855, #545, #677, #1683, #649, #1159 ) ) ;
#155 = CARTESIAN_POINT ( 'NONE',  ( -0.8000000000000001554, 0.6869192627366166315, 0.7499999999999997780 ) ) ;
#156 = CARTESIAN_POINT ( 'NONE',  ( -0.9600000000000001865, 0.5869192627366166537, -1.149999999999999689 ) ) ;
#157 = EDGE_LOOP ( 'NONE', ( #985, #790, #428, #1755 ) ) ;
#158 = LINE ( 'NONE', #722, #1753 ) ;
#159 = EDGE_LOOP ( 'NONE', ( #586, #1726, #766, #1594 ) ) ;
#160 = CARTESIAN_POINT ( 'NONE',  ( 0.9000000000000006883, -0.1000000000000000056, 0.7499999999999997780 ) ) ;
#161 = AXIS2_PLACEMENT_3D ( 'NONE', #868, #1419, #287 ) ;
#162 = ORIENTED_EDGE ( 'NONE', *, *, #1542, .T. ) ;
#163 = FACE_OUTER_BOUND ( 'NONE', #268, .T. ) ;
#164 = CARTESIAN_POINT ( 'NONE',  ( 1.060000000000000275, 0.05999999999999999778, 1.149999999999999689 ) ) ;
#165 = EDGE_CURVE ( 'NONE', #1579, #438, #89, .T. ) ;
#166 = CARTESIAN_POINT ( 'NONE',  ( -0.9600000000000001865, 0.1600000000000000033, -1.149999999999999689 ) ) ;
#167 = LINE ( 'NONE', #739, #1187 ) ;
#168 = EDGE_CURVE ( 'NONE', #446, #1305, #1212, .T. ) ;
#169 = ORIENTED_EDGE ( 'NONE', *, *, #218, .T. ) ;
#170 = VECTOR ( 'NONE', #33, 1000.000000000000000 ) ;
#171 = DIRECTION ( 'NONE',  ( 0.000000000000000000, 0.000000000000000000, 1.000000000000000000 ) ) ;
#172 = CARTESIAN_POINT ( 'NONE',  ( -1.060000000000000275, 0.1600000000000000033, -0.2500000000000003331 ) ) ;
#173 = DIRECTION ( 'NONE',  ( 0.000000000000000000, 0.000000000000000000, 1.000000000000000000 ) ) ;
#174 = CARTESIAN_POINT ( 'NONE',  ( -1.060000000000000275, 0.05999999999999999778, -0.2500000000000003331 ) ) ;
#175 = DIRECTION ( 'NONE',  ( -0.000000000000000000, -0.000000000000000000, -1.000000000000000000 ) ) ;
#176 = CIRCLE ( 'NONE', #1767, 0.1000000000000000472 ) ;
#177 = VECTOR ( 'NONE', #342, 1000.000000000000000 ) ;
#178 = ADVANCED_FACE ( 'NONE', ( #521 ), #1183, .F. ) ;
#179 = VERTEX_POINT ( 'NONE', #771 ) ;
#180 = VECTOR ( 'NONE', #712, 1000.000000000000000 ) ;
#181 = DIRECTION ( 'NONE',  ( 1.000000000000000000, 0.000000000000000000, 0.000000000000000000 ) ) ;
#182 = CARTESIAN_POINT ( 'NONE',  ( 0.8000000000000001554, 0.6869192627366167425, 1.149999999999999689 ) ) ;
#183 = DIRECTION ( 'NONE',  ( 1.578354591726186430E-16, 1.000000000000000000, 0.000000000000000000 ) ) ;
#184 = ORIENTED_EDGE ( 'NONE', *, *, #358, .T. ) ;
#185 = DIRECTION ( 'NONE',  ( 0.000000000000000000, 0.000000000000000000, 1.000000000000000000 ) ) ;
#186 = ORIENTED_EDGE ( 'NONE', *, *, #440, .F. ) ;
#187 = ADVANCED_FACE ( 'NONE', ( #909 ), #209, .F. ) ;
#188 = CARTESIAN_POINT ( 'NONE',  ( -0.9000000000000006883, -0.1000000000000000056, 0.7499999999999997780 ) ) ;
#189 = DIRECTION ( 'NONE',  ( -0.000000000000000000, -0.000000000000000000, -1.000000000000000000 ) ) ;
#190 = CARTESIAN_POINT ( 'NONE',  ( -0.8000000000000002665, 0.000000000000000000, -0.2500000000000004441 ) ) ;
#191 = VECTOR ( 'NONE', #776, 1000.000000000000000 ) ;
#192 = CARTESIAN_POINT ( 'NONE',  ( -1.400000000000000133, 0.05999999999999994227, -0.7499999999999997780 ) ) ;
#193 = LINE ( 'NONE', #1443, #67 ) ;
#194 = ORIENTED_EDGE ( 'NONE', *, *, #1114, .T. ) ;
#195 = ORIENTED_EDGE ( 'NONE', *, *, #358, .F. ) ;
#196 = DIRECTION ( 'NONE',  ( -0.000000000000000000, 0.000000000000000000, 1.000000000000000000 ) ) ;
#197 = ADVANCED_FACE ( 'NONE', ( #380 ), #1539, .T. ) ;
#198 = FACE_OUTER_BOUND ( 'NONE', #418, .T. ) ;
#199 = LINE ( 'NONE', #1295, #170 ) ;
#200 = ORIENTED_EDGE ( 'NONE', *, *, #1368, .F. ) ;
#201 = DIRECTION ( 'NONE',  ( 1.578354591726186430E-16, 1.000000000000000000, 0.000000000000000000 ) ) ;
#202 = ORIENTED_EDGE ( 'NONE', *, *, #325, .F. ) ;
#203 = AXIS2_PLACEMENT_3D ( 'NONE', #536, #410, #1536 ) ;
#204 = VECTOR ( 'NONE', #1360, 1000.000000000000000 ) ;
#205 = ORIENTED_EDGE ( 'NONE', *, *, #17, .T. ) ;
#206 = FACE_OUTER_BOUND ( 'NONE', #78, .T. ) ;
#207 = DIRECTION ( 'NONE',  ( 1.578354591726186430E-16, 1.000000000000000000, 0.000000000000000000 ) ) ;
#208 = ADVANCED_FACE ( 'NONE', ( #971 ), #1807, .T. ) ;
#209 = PLANE ( 'NONE',  #678 ) ;
#210 = CARTESIAN_POINT ( 'NONE',  ( -1.400000000000000133, -0.1000000000000000749, 1.149999999999999689 ) ) ;
#211 = ORIENTED_EDGE ( 'NONE', *, *, #38, .F. ) ;
#212 = VERTEX_POINT ( 'NONE', #1231 ) ;
#213 = CARTESIAN_POINT ( 'NONE',  ( -0.9600000000000001865, 0.5869192627366166537, -0.7499999999999997780 ) ) ;
#214 = LINE ( 'NONE', #925, #1085 ) ;
#215 = DIRECTION ( 'NONE',  ( 0.000000000000000000, 0.000000000000000000, 1.000000000000000000 ) ) ;
#216 = DIRECTION ( 'NONE',  ( 0.000000000000000000, 0.000000000000000000, -1.000000000000000000 ) ) ;
#217 = VECTOR ( 'NONE', #1511, 1000.000000000000000 ) ;
#218 = EDGE_CURVE ( 'NONE', #1250, #179, #834, .T. ) ;
#219 = CARTESIAN_POINT ( 'NONE',  ( -0.9600000000000001865, 0.6869192627366166315, 1.149999999999999689 ) ) ;
#220 = ORIENTED_EDGE ( 'NONE', *, *, #1653, .T. ) ;
#221 = EDGE_CURVE ( 'NONE', #1134, #1783, #1521, .T. ) ;
#222 = ORIENTED_EDGE ( 'NONE', *, *, #885, .F. ) ;
#223 = DIRECTION ( 'NONE',  ( 1.355252715606882022E-16, 1.000000000000000000, -0.000000000000000000 ) ) ;
#224 = DIRECTION ( 'NONE',  ( -1.000000000000000000, 0.000000000000000000, 0.000000000000000000 ) ) ;
#225 = CARTESIAN_POINT ( 'NONE',  ( -0.9000000000000006883, -0.1000000000000000056, 0.7499999999999997780 ) ) ;
#226 = DIRECTION ( 'NONE',  ( -1.000000000000000000, 0.000000000000000000, 0.000000000000000000 ) ) ;
#227 = DIRECTION ( 'NONE',  ( 0.000000000000000000, 0.000000000000000000, 1.000000000000000000 ) ) ;
#228 = ORIENTED_EDGE ( 'NONE', *, *, #142, .T. ) ;
#229 = ADVANCED_FACE ( 'NONE', ( #433 ), #963, .T. ) ;
#230 = VERTEX_POINT ( 'NONE', #699 ) ;
#231 = DIRECTION ( 'NONE',  ( -0.000000000000000000, -0.000000000000000000, -1.000000000000000000 ) ) ;
#232 = CIRCLE ( 'NONE', #1465, 0.1000000000000000472 ) ;
#233 = LINE ( 'NONE', #86, #621 ) ;
#234 = CARTESIAN_POINT ( 'NONE',  ( 0.9000000000000006883, -0.1000000000000000056, -0.7499999999999997780 ) ) ;
#235 = FACE_OUTER_BOUND ( 'NONE', #531, .T. ) ;
#236 = VERTEX_POINT ( 'NONE', #1529 ) ;
#237 = EDGE_CURVE ( 'NONE', #721, #754, #1658, .T. ) ;
#238 = EDGE_LOOP ( 'NONE', ( #1573, #383, #91, #1724 ) ) ;
#239 = DIRECTION ( 'NONE',  ( 1.000000000000000000, 0.000000000000000000, 0.000000000000000000 ) ) ;
#240 = ADVANCED_FACE ( 'NONE', ( #1098 ), #827, .T. ) ;
#241 = LINE ( 'NONE', #976, #535 ) ;
#242 = CARTESIAN_POINT ( 'NONE',  ( -0.9000000000000001332, -1.355252715606880543E-17, 0.1499999999999996891 ) ) ;
#243 = ORIENTED_EDGE ( 'NONE', *, *, #1236, .F. ) ;
#244 = CARTESIAN_POINT ( 'NONE',  ( -0.9000000000000006883, -0.1000000000000000056, -0.2500000000000003331 ) ) ;
#245 = CARTESIAN_POINT ( 'NONE',  ( -1.060000000000000275, 0.1600000000000000033, 0.7499999999999997780 ) ) ;
#246 = ORIENTED_EDGE ( 'NONE', *, *, #1411, .F. ) ;
#247 = CIRCLE ( 'NONE', #1453, 0.1000000000000000472 ) ;
#248 = ORIENTED_EDGE ( 'NONE', *, *, #1800, .T. ) ;
#249 = CARTESIAN_POINT ( 'NONE',  ( -1.400000000000000133, 0.05999999999999994227, 1.149999999999999689 ) ) ;
#250 = DIRECTION ( 'NONE',  ( -1.578354591726186430E-16, 1.000000000000000000, -0.000000000000000000 ) ) ;
#251 = DATE_TIME_ROLE ( 'creation_date' ) ;
#252 = ADVANCED_FACE ( 'NONE', ( #1823 ), #807, .F. ) ;
#253 = CARTESIAN_POINT ( 'NONE',  ( -0.9600000000000001865, 0.1600000000000000033, 1.149999999999999689 ) ) ;
#254 = CARTESIAN_POINT ( 'NONE',  ( 1.400000000000000133, 0.05999999999999994227, -0.7499999999999997780 ) ) ;
#255 = VERTEX_POINT ( 'NONE', #1248 ) ;
#256 = SECURITY_CLASSIFICATION ( '', '', #105 ) ;
#257 = VERTEX_POINT ( 'NONE', #145 ) ;
#258 = CARTESIAN_POINT ( 'NONE',  ( -0.8000000000000001554, 0.6869192627366166315, -1.149999999999999689 ) ) ;
#259 = VECTOR ( 'NONE', #749, 1000.000000000000000 ) ;
#260 = DATE_AND_TIME ( #412, #1763 ) ;
#261 = VECTOR ( 'NONE', #66, 1000.000000000000000 ) ;
#262 = ORIENTED_EDGE ( 'NONE', *, *, #1265, .F. ) ;
#263 = DIRECTION ( 'NONE',  ( 0.000000000000000000, 0.000000000000000000, -1.000000000000000000 ) ) ;
#264 = VECTOR ( 'NONE', #1808, 1000.000000000000000 ) ;
#265 = LINE ( 'NONE', #972, #823 ) ;
#266 = ADVANCED_FACE ( 'NONE', ( #1815 ), #979, .T. ) ;
#267 = ORIENTED_EDGE ( 'NONE', *, *, #142, .F. ) ;
#268 = EDGE_LOOP ( 'NONE', ( #1121, #222, #1826, #580 ) ) ;
#269 = DIRECTION ( 'NONE',  ( 1.000000000000000000, 0.000000000000000000, 0.000000000000000000 ) ) ;
#270 = COORDINATED_UNIVERSAL_TIME_OFFSET ( 5, 0, .AHEAD. ) ;
#271 = DIRECTION ( 'NONE',  ( 1.000000000000000000, 1.355252715606882022E-16, 0.000000000000000000 ) ) ;
#272 = CARTESIAN_POINT ( 'NONE',  ( -1.400000000000000133, 0.05999999999999994227, -1.149999999999999689 ) ) ;
#273 = CC_DESIGN_PERSON_AND_ORGANIZATION_ASSIGNMENT ( #961, #698, ( #1041 ) ) ;
#274 = EDGE_LOOP ( 'NONE', ( #1643, #36, #1416, #364 ) ) ;
#275 = EDGE_CURVE ( 'NONE', #902, #754, #554, .T. ) ;
#276 = EDGE_LOOP ( 'NONE', ( #228, #967, #1550, #400 ) ) ;
#277 = VECTOR ( 'NONE', #171, 1000.000000000000000 ) ;
#278 = DIRECTION ( 'NONE',  ( 1.000000000000000000, 1.355252715606882022E-16, 0.000000000000000000 ) ) ;
#279 = APPROVAL_DATE_TIME ( #987, #1751 ) ;
#280 = EDGE_LOOP ( 'NONE', ( #1773, #1019, #393, #484 ) ) ;
#281 = DIRECTION ( 'NONE',  ( 1.000000000000000000, 0.000000000000000000, 0.000000000000000000 ) ) ;
#282 = LINE ( 'NONE', #955, #968 ) ;
#283 = ORIENTED_EDGE ( 'NONE', *, *, #1221, .F. ) ;
#284 = FACE_OUTER_BOUND ( 'NONE', #533, .T. ) ;
#285 = ORIENTED_EDGE ( 'NONE', *, *, #1564, .F. ) ;
#286 = EDGE_CURVE ( 'NONE', #1004, #726, #107, .T. ) ;
#287 = DIRECTION ( 'NONE',  ( -1.000000000000000000, 0.000000000000000000, 0.000000000000000000 ) ) ;
#288 = APPROVAL_DATE_TIME ( #1526, #1584 ) ;
#289 = EDGE_LOOP ( 'NONE', ( #130, #567, #1363, #757 ) ) ;
#290 = DIRECTION ( 'NONE',  ( -1.000000000000000000, 0.000000000000000000, 0.000000000000000000 ) ) ;
#291 = DIRECTION ( 'NONE',  ( 0.000000000000000000, 0.000000000000000000, 1.000000000000000000 ) ) ;
#292 = AXIS2_PLACEMENT_3D ( 'NONE', #469, #601, #1154 ) ;
#293 = ORIENTED_EDGE ( 'NONE', *, *, #1308, .F. ) ;
#294 = VECTOR ( 'NONE', #628, 1000.000000000000000 ) ;
#295 = CARTESIAN_POINT ( 'NONE',  ( -0.9000000000000006883, -0.1000000000000000056, -0.7499999999999997780 ) ) ;
#296 = AXIS2_PLACEMENT_3D ( 'NONE', #1055, #108, #1761 ) ;
#297 = ORIENTED_EDGE ( 'NONE', *, *, #1299, .F. ) ;
#298 = ADVANCED_FACE ( 'NONE', ( #954 ), #398, .T. ) ;
#299 = LINE ( 'NONE', #160, #937 ) ;
#300 = ORIENTED_EDGE ( 'NONE', *, *, #1552, .F. ) ;
#301 = EDGE_CURVE ( 'NONE', #783, #44, #1402, .T. ) ;
#302 = DIRECTION ( 'NONE',  ( 0.000000000000000000, 0.000000000000000000, -1.000000000000000000 ) ) ;
#303 = PLANE ( 'NONE',  #1818 ) ;
#304 = LINE ( 'NONE', #872, #822 ) ;
#305 = CARTESIAN_POINT ( 'NONE',  ( -0.9600000000000001865, 0.5869192627366166537, 1.149999999999999689 ) ) ;
#306 = APPLICATION_CONTEXT ( 'configuration controlled 3d designs of mechanical parts and assemblies' ) ;
#307 = EDGE_LOOP ( 'NONE', ( #866, #1660, #1014, #1266, #195, #583, #589, #1129, #1442 ) ) ;
#308 = DESIGN_CONTEXT ( 'detailed design', #306, 'design' ) ;
#309 = VECTOR ( 'NONE', #1184, 1000.000000000000000 ) ;
#310 = CARTESIAN_POINT ( 'NONE',  ( 1.400000000000000133, -0.1000000000000000749, -1.149999999999999689 ) ) ;
#311 = VECTOR ( 'NONE', #337, 1000.000000000000000 ) ;
#312 = ORIENTED_EDGE ( 'NONE', *, *, #664, .T. ) ;
#313 = LINE ( 'NONE', #1163, #650 ) ;
#314 = CARTESIAN_POINT ( 'NONE',  ( -0.8000000000000001554, 0.6869192627366166315, 0.7500000000000000000 ) ) ;
#315 = EDGE_CURVE ( 'NONE', #1555, #352, #1798, .T. ) ;
#316 = ORIENTED_EDGE ( 'NONE', *, *, #1265, .T. ) ;
#317 = CARTESIAN_POINT ( 'NONE',  ( -0.8600000000000000977, 0.5869192627366166537, -0.7499999999999997780 ) ) ;
#318 = VERTEX_POINT ( 'NONE', #253 ) ;
#319 = VECTOR ( 'NONE', #331, 1000.000000000000000 ) ;
#320 = DIRECTION ( 'NONE',  ( 1.000000000000000000, 0.000000000000000000, -0.000000000000000000 ) ) ;
#321 = VECTOR ( 'NONE', #1182, 1000.000000000000000 ) ;
#322 = DIRECTION ( 'NONE',  ( 0.000000000000000000, 0.000000000000000000, 1.000000000000000000 ) ) ;
#323 = LINE ( 'NONE', #617, #1262 ) ;
#324 = ORIENTED_EDGE ( 'NONE', *, *, #460, .F. ) ;
#325 = EDGE_CURVE ( 'NONE', #975, #631, #121, .T. ) ;
#326 = CARTESIAN_POINT ( 'NONE',  ( -0.8000000000000003775, 1.100000000000000089, -1.450000000000000178 ) ) ;
#327 = AXIS2_PLACEMENT_3D ( 'NONE', #1525, #1673, #1646 ) ;
#328 = ORIENTED_EDGE ( 'NONE', *, *, #1597, .F. ) ;
#329 = DIRECTION ( 'NONE',  ( 0.000000000000000000, 0.000000000000000000, -1.000000000000000000 ) ) ;
#330 = CYLINDRICAL_SURFACE ( 'NONE', #1618, 0.1000000000000000472 ) ;
#331 = DIRECTION ( 'NONE',  ( -1.000000000000000000, -0.000000000000000000, -0.000000000000000000 ) ) ;
#332 = EDGE_LOOP ( 'NONE', ( #1454, #1345, #860, #559 ) ) ;
#333 = DIRECTION ( 'NONE',  ( -0.000000000000000000, -0.000000000000000000, 1.000000000000000000 ) ) ;
#334 = CC_DESIGN_PERSON_AND_ORGANIZATION_ASSIGNMENT ( #1805, #134, ( #256 ) ) ;
#335 = VERTEX_POINT ( 'NONE', #727 ) ;
#336 = EDGE_CURVE ( 'NONE', #1680, #1558, #1582, .T. ) ;
#337 = DIRECTION ( 'NONE',  ( 0.000000000000000000, 0.000000000000000000, 1.000000000000000000 ) ) ;
#338 = AXIS2_PLACEMENT_3D ( 'NONE', #1304, #175, #1604 ) ;
#339 = CARTESIAN_POINT ( 'NONE',  ( -0.9000000000000006883, -0.1000000000000000056, 0.7499999999999997780 ) ) ;
#340 = DIRECTION ( 'NONE',  ( 0.000000000000000000, 0.000000000000000000, -1.000000000000000000 ) ) ;
#341 = AXIS2_PLACEMENT_3D ( 'NONE', #1270, #1514, #1373 ) ;
#342 = DIRECTION ( 'NONE',  ( 1.000000000000000000, -2.391622439306259897E-16, -0.000000000000000000 ) ) ;
#343 = DIRECTION ( 'NONE',  ( -0.000000000000000000, 1.000000000000000000, 0.000000000000000000 ) ) ;
#344 = ORIENTED_EDGE ( 'NONE', *, *, #1243, .F. ) ;
#345 = ORIENTED_EDGE ( 'NONE', *, *, #1790, .F. ) ;
#346 = DIRECTION ( 'NONE',  ( -1.000000000000000000, 0.000000000000000000, 0.000000000000000000 ) ) ;
#347 = EDGE_CURVE ( 'NONE', #702, #975, #32, .T. ) ;
#348 = CARTESIAN_POINT ( 'NONE',  ( 0.8600000000000000977, 0.5869192627366166537, 0.7499999999999997780 ) ) ;
#349 =( NAMED_UNIT ( * ) PLANE_ANGLE_UNIT ( ) SI_UNIT ( $, .RADIAN. ) );
#350 = DIRECTION ( 'NONE',  ( 0.000000000000000000, 0.000000000000000000, 1.000000000000000000 ) ) ;
#351 = DIRECTION ( 'NONE',  ( 1.000000000000000000, 0.000000000000000000, 0.000000000000000000 ) ) ;
#352 = VERTEX_POINT ( 'NONE', #444 ) ;
#353 = VECTOR ( 'NONE', #644, 1000.000000000000000 ) ;
#354 = ORIENTED_EDGE ( 'NONE', *, *, #1800, .F. ) ;
#355 = DIRECTION ( 'NONE',  ( -1.000000000000000000, 0.000000000000000000, 0.000000000000000000 ) ) ;
#356 = AXIS2_PLACEMENT_3D ( 'NONE', #1116, #1547, #281 ) ;
#357 = ADVANCED_FACE ( 'NONE', ( #609 ), #1721, .F. ) ;
#358 = EDGE_CURVE ( 'NONE', #19, #1084, #913, .T. ) ;
#359 = DIRECTION ( 'NONE',  ( 1.000000000000000000, 0.000000000000000000, 0.000000000000000000 ) ) ;
#360 = DIRECTION ( 'NONE',  ( 0.000000000000000000, 0.000000000000000000, 1.000000000000000000 ) ) ;
#361 = EDGE_CURVE ( 'NONE', #1553, #957, #147, .T. ) ;
#362 = PLANE ( 'NONE',  #1173 ) ;
#363 = LINE ( 'NONE', #219, #1410 ) ;
#364 = ORIENTED_EDGE ( 'NONE', *, *, #742, .T. ) ;
#365 = ORIENTED_EDGE ( 'NONE', *, *, #1587, .T. ) ;
#366 = CARTESIAN_POINT ( 'NONE',  ( 1.400000000000000133, 0.05999999999999994227, -1.149999999999999689 ) ) ;
#367 = CARTESIAN_POINT ( 'NONE',  ( 1.060000000000000275, 0.05999999999999999778, -1.149999999999999689 ) ) ;
#368 = DIRECTION ( 'NONE',  ( 1.000000000000000000, 0.000000000000000000, 0.000000000000000000 ) ) ;
#369 = PRODUCT_DEFINITION ( 'UNKNOWN', '', #1347, #308 ) ;
#370 = LINE ( 'NONE', #1054, #261 ) ;
#371 = CIRCLE ( 'NONE', #338, 0.1000000000000000472 ) ;
#372 = DIRECTION ( 'NONE',  ( 1.578354591726186430E-16, 1.000000000000000000, 0.000000000000000000 ) ) ;
#373 = EDGE_CURVE ( 'NONE', #1482, #811, #14, .T. ) ;
#374 = AXIS2_PLACEMENT_3D ( 'NONE', #1628, #223, #784 ) ;
#375 = ORIENTED_EDGE ( 'NONE', *, *, #325, .T. ) ;
#376 = EDGE_LOOP ( 'NONE', ( #1700, #62, #1225, #900 ) ) ;
#377 = LINE ( 'NONE', #1455, #1606 ) ;
#378 = CARTESIAN_POINT ( 'NONE',  ( 0.8600000000000000977, 0.6869192627366166315, -0.7499999999999997780 ) ) ;
#379 = APPLICATION_PROTOCOL_DEFINITION ( 'international standard', 'config_control_design', 1994, #1208 ) ;
#380 = FACE_OUTER_BOUND ( 'NONE', #1577, .T. ) ;
#381 = CARTESIAN_POINT ( 'NONE',  ( -0.8000000000000002665, 0.6869192627366167425, 0.1499999999999997446 ) ) ;
#382 = EDGE_CURVE ( 'NONE', #563, #1354, #313, .T. ) ;
#383 = ORIENTED_EDGE ( 'NONE', *, *, #382, .F. ) ;
#384 = ORIENTED_EDGE ( 'NONE', *, *, #1812, .T. ) ;
#385 = CARTESIAN_POINT ( 'NONE',  ( 1.060000000000000275, 0.06000000000000001860, 0.7499999999999997780 ) ) ;
#386 = AXIS2_PLACEMENT_3D ( 'NONE', #1016, #189, #584 ) ;
#387 = LINE ( 'NONE', #942, #1735 ) ;
#388 = DIRECTION ( 'NONE',  ( 0.000000000000000000, 0.000000000000000000, 1.000000000000000000 ) ) ;
#389 = CARTESIAN_POINT ( 'NONE',  ( -0.8000000000000001554, 0.6869192627366166315, -1.149999999999999689 ) ) ;
#390 = DIRECTION ( 'NONE',  ( 0.000000000000000000, 0.000000000000000000, 1.000000000000000000 ) ) ;
#391 = ORIENTED_EDGE ( 'NONE', *, *, #1445, .F. ) ;
#392 = CC_DESIGN_DATE_AND_TIME_ASSIGNMENT ( #1090, #251, ( #369 ) ) ;
#393 = ORIENTED_EDGE ( 'NONE', *, *, #1471, .T. ) ;
#394 = DIRECTION ( 'NONE',  ( 1.000000000000000000, 0.000000000000000000, 0.000000000000000000 ) ) ;
#395 = ADVANCED_FACE ( 'NONE', ( #1146 ), #888, .F. ) ;
#396 = DIRECTION ( 'NONE',  ( 0.000000000000000000, 0.000000000000000000, -1.000000000000000000 ) ) ;
#397 = COORDINATED_UNIVERSAL_TIME_OFFSET ( 5, 0, .AHEAD. ) ;
#398 = CYLINDRICAL_SURFACE ( 'NONE', #356, 0.1000000000000000472 ) ;
#399 = DIRECTION ( 'NONE',  ( 0.000000000000000000, 0.000000000000000000, 1.000000000000000000 ) ) ;
#400 = ORIENTED_EDGE ( 'NONE', *, *, #1308, .T. ) ;
#401 = VERTEX_POINT ( 'NONE', #1592 ) ;
#402 = EDGE_CURVE ( 'NONE', #435, #857, #820, .T. ) ;
#403 = LINE ( 'NONE', #258, #1795 ) ;
#404 = CARTESIAN_POINT ( 'NONE',  ( -1.060000000000000275, 0.05999999999999999778, 0.7499999999999997780 ) ) ;
#405 = DIRECTION ( 'NONE',  ( 1.000000000000000000, 1.355252715606882022E-16, -0.000000000000000000 ) ) ;
#406 = VECTOR ( 'NONE', #770, 1000.000000000000000 ) ;
#407 = ORIENTED_EDGE ( 'NONE', *, *, #336, .T. ) ;
#408 = VECTOR ( 'NONE', #1044, 1000.000000000000000 ) ;
#409 = ORIENTED_EDGE ( 'NONE', *, *, #1642, .T. ) ;
#410 = DIRECTION ( 'NONE',  ( -0.000000000000000000, -0.000000000000000000, 1.000000000000000000 ) ) ;
#411 = VECTOR ( 'NONE', #671, 1000.000000000000000 ) ;
#412 = CALENDAR_DATE ( 2022, 28, 11 ) ;
#413 = EDGE_CURVE ( 'NONE', #1783, #1094, #453, .T. ) ;
#414 = DIRECTION ( 'NONE',  ( 0.000000000000000000, -1.000000000000000000, 0.000000000000000000 ) ) ;
#415 = DIRECTION ( 'NONE',  ( 1.000000000000000000, 0.000000000000000000, 0.000000000000000000 ) ) ;
#416 = ADVANCED_FACE ( 'NONE', ( #1274 ), #330, .T. ) ;
#417 = VERTEX_POINT ( 'NONE', #1301 ) ;
#418 = EDGE_LOOP ( 'NONE', ( #243, #1, #186, #819, #999, #1689, #1668, #623, #633 ) ) ;
#419 = LINE ( 'NONE', #1089, #1496 ) ;
#420 = PERSON_AND_ORGANIZATION_ROLE ( 'design_supplier' ) ;
#421 = EDGE_LOOP ( 'NONE', ( #715, #496, #151, #1115, #810, #409, #384, #686, #1167 ) ) ;
#422 = DIRECTION ( 'NONE',  ( 1.000000000000000000, 0.000000000000000000, 0.000000000000000000 ) ) ;
#423 = DIRECTION ( 'NONE',  ( -1.000000000000000000, 0.000000000000000000, 0.000000000000000000 ) ) ;
#424 = ORIENTED_EDGE ( 'NONE', *, *, #1709, .T. ) ;
#425 = ADVANCED_FACE ( 'NONE', ( #869 ), #1703, .F. ) ;
#426 = DIRECTION ( 'NONE',  ( -1.000000000000000000, 0.000000000000000000, 0.000000000000000000 ) ) ;
#427 = AXIS2_PLACEMENT_3D ( 'NONE', #1150, #1323, #1012 ) ;
#428 = ORIENTED_EDGE ( 'NONE', *, *, #1128, .T. ) ;
#429 = VECTOR ( 'NONE', #1793, 1000.000000000000000 ) ;
#430 = PLANE ( 'NONE',  #1160 ) ;
#431 = PERSON_AND_ORGANIZATION ( #1399, #1674 ) ;
#432 = ORIENTED_EDGE ( 'NONE', *, *, #94, .T. ) ;
#433 = FACE_OUTER_BOUND ( 'NONE', #668, .T. ) ;
#434 = LINE ( 'NONE', #1548, #1027 ) ;
#435 = VERTEX_POINT ( 'NONE', #852 ) ;
#436 = CARTESIAN_POINT ( 'NONE',  ( 1.060000000000000275, 0.1600000000000000033, 0.7499999999999997780 ) ) ;
#437 = ADVANCED_FACE ( 'NONE', ( #163 ), #1009, .F. ) ;
#438 = VERTEX_POINT ( 'NONE', #48 ) ;
#439 = UNCERTAINTY_MEASURE_WITH_UNIT (LENGTH_MEASURE( 1.000000000000000082E-05 ), #512, 'distance_accuracy_value', 'NONE');
#440 = EDGE_CURVE ( 'NONE', #1418, #1004, #461, .T. ) ;
#441 = PLANE ( 'NONE',  #1545 ) ;
#442 = EDGE_LOOP ( 'NONE', ( #184, #448, #1792, #1533 ) ) ;
#443 = AXIS2_PLACEMENT_3D ( 'NONE', #725, #1283, #20 ) ;
#444 = CARTESIAN_POINT ( 'NONE',  ( -0.8000000000000001554, 0.000000000000000000, 0.7499999999999995559 ) ) ;
#445 = PLANE ( 'NONE',  #1728 ) ;
#446 = VERTEX_POINT ( 'NONE', #182 ) ;
#447 = DIRECTION ( 'NONE',  ( -1.495451272393799296E-16, -0.000000000000000000, -1.000000000000000000 ) ) ;
#448 = ORIENTED_EDGE ( 'NONE', *, *, #1309, .F. ) ;
#449 = EDGE_CURVE ( 'NONE', #1408, #1058, #39, .T. ) ;
#450 = FACE_OUTER_BOUND ( 'NONE', #1251, .T. ) ;
#451 = EDGE_CURVE ( 'NONE', #352, #1579, #1414, .T. ) ;
#452 = ORIENTED_EDGE ( 'NONE', *, *, #1005, .F. ) ;
#453 = LINE ( 'NONE', #616, #879 ) ;
#454 = DIRECTION ( 'NONE',  ( -1.000000000000000000, 0.000000000000000000, 0.000000000000000000 ) ) ;
#455 = CARTESIAN_POINT ( 'NONE',  ( 1.060000000000000275, 0.06000000000000001860, -1.149999999999999689 ) ) ;
#456 = LINE ( 'NONE', #1297, #1450 ) ;
#457 = VERTEX_POINT ( 'NONE', #1210 ) ;
#458 = CIRCLE ( 'NONE', #1690, 0.1000000000000000472 ) ;
#459 = PLANE ( 'NONE',  #637 ) ;
#460 = EDGE_CURVE ( 'NONE', #1626, #1380, #488, .T. ) ;
#461 = LINE ( 'NONE', #1285, #1531 ) ;
#462 = LINE ( 'NONE', #1740, #1500 ) ;
#463 = VERTEX_POINT ( 'NONE', #1318 ) ;
#464 = FACE_OUTER_BOUND ( 'NONE', #376, .T. ) ;
#465 = ORIENTED_EDGE ( 'NONE', *, *, #1516, .T. ) ;
#466 = CIRCLE ( 'NONE', #1489, 0.1000000000000000472 ) ;
#467 = DIRECTION ( 'NONE',  ( -0.000000000000000000, -0.000000000000000000, -1.000000000000000000 ) ) ;
#468 = LOCAL_TIME ( 22, 32, 44.00000000000000000, #1375 ) ;
#469 = CARTESIAN_POINT ( 'NONE',  ( -0.8000000000000001554, 1.100000000000000089, 1.449999999999999734 ) ) ;
#470 = DIRECTION ( 'NONE',  ( 1.000000000000000000, 0.000000000000000000, 0.000000000000000000 ) ) ;
#471 = LINE ( 'NONE', #174, #1768 ) ;
#472 = CARTESIAN_POINT ( 'NONE',  ( -0.9000000000000001332, -1.355252715606880543E-17, 1.149999999999999689 ) ) ;
#473 = CIRCLE ( 'NONE', #203, 0.1000000000000000472 ) ;
#474 = EDGE_CURVE ( 'NONE', #754, #1380, #797, .T. ) ;
#475 = MANIFOLD_SOLID_BREP ( 'Fillet1', #1056 ) ;
#476 = EDGE_LOOP ( 'NONE', ( #248, #345, #1261, #1520 ) ) ;
#477 = AXIS2_PLACEMENT_3D ( 'NONE', #1530, #555, #415 ) ;
#478 = DIRECTION ( 'NONE',  ( -1.000000000000000000, 0.000000000000000000, 0.000000000000000000 ) ) ;
#479 = CARTESIAN_POINT ( 'NONE',  ( -0.8000000000000001554, 1.100000000000000089, 1.449999999999999734 ) ) ;
#480 = FACE_OUTER_BOUND ( 'NONE', #1021, .T. ) ;
#481 = ORIENTED_EDGE ( 'NONE', *, *, #45, .T. ) ;
#482 = DIRECTION ( 'NONE',  ( 0.000000000000000000, -1.000000000000000000, 0.000000000000000000 ) ) ;
#483 = EDGE_CURVE ( 'NONE', #1242, #1482, #1629, .T. ) ;
#484 = ORIENTED_EDGE ( 'NONE', *, *, #498, .T. ) ;
#485 = ORIENTED_EDGE ( 'NONE', *, *, #221, .T. ) ;
#486 = DIRECTION ( 'NONE',  ( 0.000000000000000000, 0.000000000000000000, 1.000000000000000000 ) ) ;
#487 = VECTOR ( 'NONE', #1020, 1000.000000000000000 ) ;
#488 = LINE ( 'NONE', #635, #1350 ) ;
#489 = CARTESIAN_POINT ( 'NONE',  ( 0.8000000000000000444, -1.355252715606880543E-17, 0.7499999999999997780 ) ) ;
#490 = PRODUCT_DEFINITION_SHAPE ( 'NONE', 'NONE',  #369 ) ;
#491 = AXIS2_PLACEMENT_3D ( 'NONE', #295, #948, #1003 ) ;
#492 = CARTESIAN_POINT ( 'NONE',  ( 0.7999999999999997113, 1.100000000000000089, -1.450000000000000178 ) ) ;
#493 = CARTESIAN_POINT ( 'NONE',  ( -0.8000000000000000444, -1.355252715606880543E-17, 0.7499999999999997780 ) ) ;
#494 = ORIENTED_EDGE ( 'NONE', *, *, #1516, .F. ) ;
#495 = EDGE_CURVE ( 'NONE', #1047, #811, #1757, .T. ) ;
#496 = ORIENTED_EDGE ( 'NONE', *, *, #1289, .T. ) ;
#497 = DIRECTION ( 'NONE',  ( -0.000000000000000000, -1.000000000000000000, -0.000000000000000000 ) ) ;
#498 = EDGE_CURVE ( 'NONE', #839, #257, #56, .T. ) ;
#499 = VECTOR ( 'NONE', #368, 1000.000000000000000 ) ;
#500 = DIRECTION ( 'NONE',  ( -1.578354591726186430E-16, 1.000000000000000000, -0.000000000000000000 ) ) ;
#501 = DIRECTION ( 'NONE',  ( 1.000000000000000000, 0.000000000000000000, 0.000000000000000000 ) ) ;
#502 = DIRECTION ( 'NONE',  ( 1.000000000000000000, -2.391622439306259897E-16, 0.000000000000000000 ) ) ;
#503 = ORIENTED_EDGE ( 'NONE', *, *, #685, .F. ) ;
#504 = CIRCLE ( 'NONE', #443, 0.1000000000000000472 ) ;
#505 = CIRCLE ( 'NONE', #1619, 0.1000000000000000472 ) ;
#506 = ORIENTED_EDGE ( 'NONE', *, *, #685, .T. ) ;
#507 = AXIS2_PLACEMENT_3D ( 'NONE', #817, #980, #843 ) ;
#508 = PLANE ( 'NONE',  #374 ) ;
#509 = AXIS2_PLACEMENT_3D ( 'NONE', #1267, #1369, #1385 ) ;
#510 = EDGE_CURVE ( 'NONE', #124, #1179, #1358, .T. ) ;
#511 = CARTESIAN_POINT ( 'NONE',  ( 0.7999999999999997113, 0.000000000000000000, -1.450000000000000178 ) ) ;
#512 =( LENGTH_UNIT ( ) NAMED_UNIT ( * ) SI_UNIT ( .MILLI., .METRE. ) );
#513 = CARTESIAN_POINT ( 'NONE',  ( -0.9000000000000001332, -1.355252715606880543E-17, 0.7499999999999997780 ) ) ;
#514 = DIRECTION ( 'NONE',  ( 0.000000000000000000, 0.000000000000000000, -1.000000000000000000 ) ) ;
#515 = VERTEX_POINT ( 'NONE', #367 ) ;
#516 = VERTEX_POINT ( 'NONE', #518 ) ;
#517 = CARTESIAN_POINT ( 'NONE',  ( -0.8000000000000003775, 0.000000000000000000, -1.450000000000000178 ) ) ;
#518 = CARTESIAN_POINT ( 'NONE',  ( 0.7999999999999998224, 0.000000000000000000, -0.7499999999999997780 ) ) ;
#519 = DIRECTION ( 'NONE',  ( 0.000000000000000000, 0.000000000000000000, 1.000000000000000000 ) ) ;
#520 = EDGE_CURVE ( 'NONE', #417, #642, #232, .T. ) ;
#521 = FACE_OUTER_BOUND ( 'NONE', #829, .T. ) ;
#522 = CARTESIAN_POINT ( 'NONE',  ( -0.8000000000000003775, 0.000000000000000000, -1.149999999999999689 ) ) ;
#523 = VECTOR ( 'NONE', #733, 1000.000000000000000 ) ;
#524 = ORIENTED_EDGE ( 'NONE', *, *, #1209, .F. ) ;
#525 = VERTEX_POINT ( 'NONE', #916 ) ;
#526 = CARTESIAN_POINT ( 'NONE',  ( 1.060000000000000275, 0.1600000000000000033, 0.7499999999999997780 ) ) ;
#527 = CARTESIAN_POINT ( 'NONE',  ( -0.8600000000000000977, 0.6869192627366166315, 0.1499999999999996891 ) ) ;
#528 = VERTEX_POINT ( 'NONE', #1468 ) ;
#529 = DIRECTION ( 'NONE',  ( -1.355252715606882022E-16, -1.000000000000000000, 0.000000000000000000 ) ) ;
#530 = LINE ( 'NONE', #1633, #579 ) ;
#531 = EDGE_LOOP ( 'NONE', ( #211, #883, #1817, #573 ) ) ;
#532 = EDGE_CURVE ( 'NONE', #1298, #1524, #791, .T. ) ;
#533 = EDGE_LOOP ( 'NONE', ( #1235, #283, #1332, #659 ) ) ;
#534 = PLANE ( 'NONE',  #41 ) ;
#535 = VECTOR ( 'NONE', #269, 1000.000000000000000 ) ;
#536 = CARTESIAN_POINT ( 'NONE',  ( 0.8600000000000000977, 0.5869192627366166537, -0.7499999999999997780 ) ) ;
#537 = APPROVAL_DATE_TIME ( #260, #1232 ) ;
#538 = CARTESIAN_POINT ( 'NONE',  ( -0.8000000000000003775, 0.000000000000000000, -1.450000000000000178 ) ) ;
#539 = LINE ( 'NONE', #210, #1353 ) ;
#540 = ORIENTED_EDGE ( 'NONE', *, *, #1542, .F. ) ;
#541 = EDGE_CURVE ( 'NONE', #1641, #1452, #214, .T. ) ;
#542 = ORIENTED_EDGE ( 'NONE', *, *, #1664, .F. ) ;
#543 = DIRECTION ( 'NONE',  ( 0.000000000000000000, -1.000000000000000000, 0.000000000000000000 ) ) ;
#544 = COORDINATED_UNIVERSAL_TIME_OFFSET ( 5, 0, .AHEAD. ) ;
#545 = ORIENTED_EDGE ( 'NONE', *, *, #1552, .T. ) ;
#546 = DIRECTION ( 'NONE',  ( 0.000000000000000000, 0.000000000000000000, 1.000000000000000000 ) ) ;
#547 = CARTESIAN_POINT ( 'NONE',  ( -0.9600000000000001865, 0.1600000000000000033, 0.7499999999999997780 ) ) ;
#548 = VECTOR ( 'NONE', #1166, 1000.000000000000000 ) ;
#549 = EDGE_LOOP ( 'NONE', ( #1602, #1390, #1809, #1303 ) ) ;
#550 = EDGE_LOOP ( 'NONE', ( #732, #1734, #974, #148, #452, #1702, #1165, #1570, #13 ) ) ;
#551 = ADVANCED_FACE ( 'NONE', ( #1071 ), #777, .T. ) ;
#552 = CARTESIAN_POINT ( 'NONE',  ( -0.9000000000000001332, -1.355252715606880543E-17, 0.7499999999999997780 ) ) ;
#553 = EDGE_CURVE ( 'NONE', #1803, #516, #73, .T. ) ;
#554 = LINE ( 'NONE', #1107, #1381 ) ;
#555 = DIRECTION ( 'NONE',  ( 0.000000000000000000, 0.000000000000000000, 1.000000000000000000 ) ) ;
#556 = CIRCLE ( 'NONE', #959, 0.1000000000000000472 ) ;
#557 = ORIENTED_EDGE ( 'NONE', *, *, #60, .T. ) ;
#558 = LOCAL_TIME ( 22, 32, 44.00000000000000000, #270 ) ;
#559 = ORIENTED_EDGE ( 'NONE', *, *, #949, .F. ) ;
#560 = DIRECTION ( 'NONE',  ( -1.578354591726186430E-16, 1.000000000000000000, 0.000000000000000000 ) ) ;
#561 = AXIS2_PLACEMENT_3D ( 'NONE', #1348, #933, #1495 ) ;
#562 = EDGE_CURVE ( 'NONE', #1380, #16, #176, .T. ) ;
#563 = VERTEX_POINT ( 'NONE', #1747 ) ;
#564 = DIRECTION ( 'NONE',  ( 0.000000000000000000, 0.000000000000000000, 1.000000000000000000 ) ) ;
#565 = AXIS2_PLACEMENT_3D ( 'NONE', #1117, #423, #828 ) ;
#566 = CARTESIAN_POINT ( 'NONE',  ( -0.8000000000000001554, 0.6869192627366166315, -0.7499999999999997780 ) ) ;
#567 = ORIENTED_EDGE ( 'NONE', *, *, #1718, .T. ) ;
#568 = CARTESIAN_POINT ( 'NONE',  ( -0.8000000000000003775, 1.100000000000000089, -1.450000000000000178 ) ) ;
#569 = VERTEX_POINT ( 'NONE', #378 ) ;
#570 = CARTESIAN_POINT ( 'NONE',  ( -0.9600000000000001865, 0.1600000000000000033, -0.2500000000000003331 ) ) ;
#571 = APPROVAL_ROLE ( '' ) ;
#572 = EDGE_CURVE ( 'NONE', #70, #1354, #1202, .T. ) ;
#573 = ORIENTED_EDGE ( 'NONE', *, *, #1564, .T. ) ;
#574 = DIRECTION ( 'NONE',  ( 0.000000000000000000, 0.000000000000000000, -1.000000000000000000 ) ) ;
#575 = DIRECTION ( 'NONE',  ( -1.000000000000000000, 1.355252715606882022E-16, 0.000000000000000000 ) ) ;
#576 = EDGE_CURVE ( 'NONE', #21, #1047, #233, .T. ) ;
#577 = ORIENTED_EDGE ( 'NONE', *, *, #402, .F. ) ;
#578 = FACE_OUTER_BOUND ( 'NONE', #748, .T. ) ;
#579 = VECTOR ( 'NONE', #372, 1000.000000000000000 ) ;
#580 = ORIENTED_EDGE ( 'NONE', *, *, #1686, .T. ) ;
#581 = CIRCLE ( 'NONE', #1367, 0.1000000000000000472 ) ;
#582 = FACE_OUTER_BOUND ( 'NONE', #756, .T. ) ;
#583 = ORIENTED_EDGE ( 'NONE', *, *, #1481, .F. ) ;
#584 = DIRECTION ( 'NONE',  ( 1.000000000000000000, 0.000000000000000000, 0.000000000000000000 ) ) ;
#585 = DIRECTION ( 'NONE',  ( -0.000000000000000000, -1.000000000000000000, -0.000000000000000000 ) ) ;
#586 = ORIENTED_EDGE ( 'NONE', *, *, #413, .F. ) ;
#587 = DIRECTION ( 'NONE',  ( 0.000000000000000000, -1.000000000000000000, 0.000000000000000000 ) ) ;
#588 = EDGE_CURVE ( 'NONE', #16, #1608, #1033, .T. ) ;
#589 = ORIENTED_EDGE ( 'NONE', *, *, #641, .F. ) ;
#590 = VECTOR ( 'NONE', #215, 1000.000000000000000 ) ;
#591 = CARTESIAN_POINT ( 'NONE',  ( -0.9600000000000001865, 0.1600000000000000033, -0.7499999999999997780 ) ) ;
#592 = ORIENTED_EDGE ( 'NONE', *, *, #1075, .F. ) ;
#593 = DIRECTION ( 'NONE',  ( -0.000000000000000000, -0.000000000000000000, -1.000000000000000000 ) ) ;
#594 = CARTESIAN_POINT ( 'NONE',  ( 0.9600000000000001865, 0.6869192627366166315, 1.149999999999999689 ) ) ;
#595 = VECTOR ( 'NONE', #1473, 1000.000000000000000 ) ;
#596 = ORIENTED_EDGE ( 'NONE', *, *, #541, .T. ) ;
#597 = DIRECTION ( 'NONE',  ( 0.000000000000000000, 0.000000000000000000, 1.000000000000000000 ) ) ;
#598 = VERTEX_POINT ( 'NONE', #339 ) ;
#599 = ADVANCED_FACE ( 'NONE', ( #198 ), #898, .F. ) ;
#600 = DIRECTION ( 'NONE',  ( 0.000000000000000000, -0.000000000000000000, 1.000000000000000000 ) ) ;
#601 = DIRECTION ( 'NONE',  ( 0.000000000000000000, 0.000000000000000000, -1.000000000000000000 ) ) ;
#602 = CARTESIAN_POINT ( 'NONE',  ( 0.9000000000000006883, -0.1000000000000000056, -0.7499999999999997780 ) ) ;
#603 = DIRECTION ( 'NONE',  ( 0.000000000000000000, 0.000000000000000000, 1.000000000000000000 ) ) ;
#604 = DIRECTION ( 'NONE',  ( 0.000000000000000000, 0.000000000000000000, 1.000000000000000000 ) ) ;
#605 = ORIENTED_EDGE ( 'NONE', *, *, #641, .T. ) ;
#606 = CARTESIAN_POINT ( 'NONE',  ( -0.8600000000000000977, 0.5869192627366166537, 0.7499999999999997780 ) ) ;
#607 = CIRCLE ( 'NONE', #837, 0.1000000000000000472 ) ;
#608 = ADVANCED_FACE ( 'NONE', ( #1611 ), #769, .T. ) ;
#609 = FACE_OUTER_BOUND ( 'NONE', #1312, .T. ) ;
#610 = LINE ( 'NONE', #1441, #1342 ) ;
#611 = ORIENTED_EDGE ( 'NONE', *, *, #1321, .F. ) ;
#612 = PLANE ( 'NONE',  #427 ) ;
#613 = ORIENTED_EDGE ( 'NONE', *, *, #361, .F. ) ;
#614 = CARTESIAN_POINT ( 'NONE',  ( -0.8600000000000000977, 0.6869192627366166315, -1.149999999999999689 ) ) ;
#615 =( GEOMETRIC_REPRESENTATION_CONTEXT ( 3 ) GLOBAL_UNCERTAINTY_ASSIGNED_CONTEXT ( ( #439 ) ) GLOBAL_UNIT_ASSIGNED_CONTEXT ( ( #512, #349, #1486 ) ) REPRESENTATION_CONTEXT ( 'NONE', 'WORKASPACE' ) );
#616 = CARTESIAN_POINT ( 'NONE',  ( -1.060000000000000275, 0.06000000000000001860, 1.149999999999999689 ) ) ;
#617 = CARTESIAN_POINT ( 'NONE',  ( -0.8000000000000000444, -1.355252715606880543E-17, -0.2500000000000003331 ) ) ;
#618 = EDGE_CURVE ( 'NONE', #836, #981, #1245, .T. ) ;
#619 = DIRECTION ( 'NONE',  ( -1.000000000000000000, -2.391622439306259897E-16, 0.000000000000000000 ) ) ;
#620 = CARTESIAN_POINT ( 'NONE',  ( -0.8000000000000003775, 0.000000000000000000, -1.450000000000000178 ) ) ;
#621 = VECTOR ( 'NONE', #1218, 1000.000000000000000 ) ;
#622 = AXIS2_PLACEMENT_3D ( 'NONE', #1497, #799, #501 ) ;
#623 = ORIENTED_EDGE ( 'NONE', *, *, #1471, .F. ) ;
#624 = VERTEX_POINT ( 'NONE', #1507 ) ;
#625 = LINE ( 'NONE', #643, #1100 ) ;
#626 = DIRECTION ( 'NONE',  ( -1.000000000000000000, 1.355252715606882022E-16, 0.000000000000000000 ) ) ;
#627 = DIRECTION ( 'NONE',  ( 1.000000000000000000, 1.355252715606882022E-16, 0.000000000000000000 ) ) ;
#628 = DIRECTION ( 'NONE',  ( 1.000000000000000000, 0.000000000000000000, 0.000000000000000000 ) ) ;
#629 = ADVANCED_FACE ( 'NONE', ( #1264 ), #813, .F. ) ;
#630 = DIRECTION ( 'NONE',  ( -0.000000000000000000, -0.000000000000000000, 1.000000000000000000 ) ) ;
#631 = VERTEX_POINT ( 'NONE', #1229 ) ;
#632 = EDGE_CURVE ( 'NONE', #1132, #417, #241, .T. ) ;
#633 = ORIENTED_EDGE ( 'NONE', *, *, #94, .F. ) ;
#634 = DIRECTION ( 'NONE',  ( 0.000000000000000000, -1.000000000000000000, 0.000000000000000000 ) ) ;
#635 = CARTESIAN_POINT ( 'NONE',  ( 0.9000000000000006883, -0.1000000000000000056, -0.7499999999999997780 ) ) ;
#636 = LINE ( 'NONE', #1201, #1022 ) ;
#637 = AXIS2_PLACEMENT_3D ( 'NONE', #1727, #1133, #320 ) ;
#638 = CARTESIAN_POINT ( 'NONE',  ( -0.9000000000000006883, -0.1000000000000000056, -1.149999999999999689 ) ) ;
#639 = CARTESIAN_POINT ( 'NONE',  ( 0.8000000000000000444, -1.355252715606880543E-17, 0.7499999999999997780 ) ) ;
#640 = ORIENTED_EDGE ( 'NONE', *, *, #918, .T. ) ;
#641 = EDGE_CURVE ( 'NONE', #1452, #1462, #133, .T. ) ;
#642 = VERTEX_POINT ( 'NONE', #1238 ) ;
#643 = CARTESIAN_POINT ( 'NONE',  ( -1.400000000000000133, -0.1000000000000000749, -0.2500000000000003331 ) ) ;
#644 = DIRECTION ( 'NONE',  ( -1.495451272393799296E-16, -0.000000000000000000, -1.000000000000000000 ) ) ;
#645 = CARTESIAN_POINT ( 'NONE',  ( -0.8000000000000003775, 0.6869192627366167425, -1.149999999999999689 ) ) ;
#646 = VECTOR ( 'NONE', #519, 1000.000000000000000 ) ;
#647 = PLANE ( 'NONE',  #1409 ) ;
#648 = CARTESIAN_POINT ( 'NONE',  ( -1.400000000000000133, -0.1000000000000000749, -0.7499999999999997780 ) ) ;
#649 = ORIENTED_EDGE ( 'NONE', *, *, #773, .T. ) ;
#650 = VECTOR ( 'NONE', #1135, 1000.000000000000000 ) ;
#651 = ORIENTED_EDGE ( 'NONE', *, *, #1005, .T. ) ;
#652 = LINE ( 'NONE', #1040, #1782 ) ;
#653 = EDGE_CURVE ( 'NONE', #1047, #335, #1804, .T. ) ;
#654 = CARTESIAN_POINT ( 'NONE',  ( -0.9600000000000001865, 0.6869192627366166315, 0.7499999999999997780 ) ) ;
#655 = LINE ( 'NONE', #1786, #877 ) ;
#656 = CARTESIAN_POINT ( 'NONE',  ( -0.8000000000000001554, 0.6869192627366166315, 0.7499999999999997780 ) ) ;
#657 = DIRECTION ( 'NONE',  ( 0.000000000000000000, 0.000000000000000000, -1.000000000000000000 ) ) ;
#658 = ORIENTED_EDGE ( 'NONE', *, *, #1196, .F. ) ;
#659 = ORIENTED_EDGE ( 'NONE', *, *, #495, .T. ) ;
#660 = CARTESIAN_POINT ( 'NONE',  ( -0.9000000000000001332, -1.355252715606880543E-17, -0.7499999999999997780 ) ) ;
#661 = DIRECTION ( 'NONE',  ( 1.000000000000000000, 0.000000000000000000, 0.000000000000000000 ) ) ;
#662 = LINE ( 'NONE', #1622, #408 ) ;
#663 = VECTOR ( 'NONE', #390, 1000.000000000000000 ) ;
#664 = EDGE_CURVE ( 'NONE', #1605, #1418, #1374, .T. ) ;
#665 = CARTESIAN_POINT ( 'NONE',  ( 0.9000000000000001332, -1.355252715606880543E-17, -0.7499999999999997780 ) ) ;
#666 = CARTESIAN_POINT ( 'NONE',  ( 0.7999999999999997113, 0.000000000000000000, -1.450000000000000178 ) ) ;
#667 = AXIS2_PLACEMENT_3D ( 'NONE', #1049, #1198, #355 ) ;
#668 = EDGE_LOOP ( 'NONE', ( #1186, #1205, #1188, #200 ) ) ;
#669 = EDGE_LOOP ( 'NONE', ( #494, #1355, #1230, #1565 ) ) ;
#670 = CARTESIAN_POINT ( 'NONE',  ( -1.060000000000000275, 0.06000000000000001860, 0.7499999999999997780 ) ) ;
#671 = DIRECTION ( 'NONE',  ( -1.000000000000000000, 0.000000000000000000, 0.000000000000000000 ) ) ;
#672 = DIRECTION ( 'NONE',  ( -1.000000000000000000, 0.000000000000000000, 0.000000000000000000 ) ) ;
#673 = CARTESIAN_POINT ( 'NONE',  ( 0.8600000000000000977, 0.6869192627366166315, 1.149999999999999689 ) ) ;
#674 = EDGE_CURVE ( 'NONE', #457, #435, #1544, .T. ) ;
#675 = ORIENTED_EDGE ( 'NONE', *, *, #781, .F. ) ;
#676 = VECTOR ( 'NONE', #207, 1000.000000000000000 ) ;
#677 = ORIENTED_EDGE ( 'NONE', *, *, #576, .T. ) ;
#678 = AXIS2_PLACEMENT_3D ( 'NONE', #1073, #1329, #1639 ) ;
#679 = VECTOR ( 'NONE', #546, 1000.000000000000000 ) ;
#680 = CARTESIAN_POINT ( 'NONE',  ( -1.060000000000000275, 0.06000000000000001860, 0.7499999999999997780 ) ) ;
#681 = VECTOR ( 'NONE', #290, 1000.000000000000000 ) ;
#682 = VERTEX_POINT ( 'NONE', #1665 ) ;
#683 = DIRECTION ( 'NONE',  ( -1.000000000000000000, 0.000000000000000000, 0.000000000000000000 ) ) ;
#684 = DIRECTION ( 'NONE',  ( -1.000000000000000000, 0.000000000000000000, 0.000000000000000000 ) ) ;
#685 = EDGE_CURVE ( 'NONE', #1354, #1752, #403, .T. ) ;
#686 = ORIENTED_EDGE ( 'NONE', *, *, #1731, .T. ) ;
#687 = ADVANCED_FACE ( 'NONE', ( #840 ), #707, .F. ) ;
#688 = VERTEX_POINT ( 'NONE', #697 ) ;
#689 = CYLINDRICAL_SURFACE ( 'NONE', #1590, 0.1000000000000000472 ) ;
#690 = APPROVAL_STATUS ( 'not_yet_approved' ) ;
#691 = ORIENTED_EDGE ( 'NONE', *, *, #1445, .T. ) ;
#692 = DIRECTION ( 'NONE',  ( 1.000000000000000000, 0.000000000000000000, -0.000000000000000000 ) ) ;
#693 = FACE_OUTER_BOUND ( 'NONE', #289, .T. ) ;
#694 = EDGE_LOOP ( 'NONE', ( #28, #1335, #1093, #886 ) ) ;
#695 = EDGE_LOOP ( 'NONE', ( #1156, #1269, #1708, #1290 ) ) ;
#696 = EDGE_CURVE ( 'NONE', #801, #435, #112, .T. ) ;
#697 = CARTESIAN_POINT ( 'NONE',  ( 0.9600000000000001865, 0.5869192627366166537, 1.149999999999999689 ) ) ;
#698 = PERSON_AND_ORGANIZATION_ROLE ( 'design_owner' ) ;
#699 = CARTESIAN_POINT ( 'NONE',  ( -0.8000000000000003775, 0.000000000000000000, -1.450000000000000178 ) ) ;
#700 = DIRECTION ( 'NONE',  ( 0.000000000000000000, 0.000000000000000000, 1.000000000000000000 ) ) ;
#701 = VECTOR ( 'NONE', #585, 1000.000000000000000 ) ;
#702 = VERTEX_POINT ( 'NONE', #1113 ) ;
#703 = CARTESIAN_POINT ( 'NONE',  ( -1.400000000000000133, -0.1000000000000000749, -0.7499999999999997780 ) ) ;
#704 = CC_DESIGN_SECURITY_CLASSIFICATION ( #256, ( #1347 ) ) ;
#705 = ORIENTED_EDGE ( 'NONE', *, *, #576, .F. ) ;
#706 = ADVANCED_FACE ( 'NONE', ( #125 ), #689, .T. ) ;
#707 = PLANE ( 'NONE',  #997 ) ;
#708 = VECTOR ( 'NONE', #500, 1000.000000000000000 ) ;
#709 = ORIENTED_EDGE ( 'NONE', *, *, #165, .T. ) ;
#710 = CARTESIAN_POINT ( 'NONE',  ( 1.400000000000000133, -0.1000000000000000749, -0.7499999999999997780 ) ) ;
#711 = VECTOR ( 'NONE', #657, 1000.000000000000000 ) ;
#712 = DIRECTION ( 'NONE',  ( 0.000000000000000000, 0.000000000000000000, -1.000000000000000000 ) ) ;
#713 = ORIENTED_EDGE ( 'NONE', *, *, #17, .F. ) ;
#714 = FACE_OUTER_BOUND ( 'NONE', #1491, .T. ) ;
#715 = ORIENTED_EDGE ( 'NONE', *, *, #1130, .T. ) ;
#716 = DIRECTION ( 'NONE',  ( -1.000000000000000000, 0.000000000000000000, 0.000000000000000000 ) ) ;
#717 = ORIENTED_EDGE ( 'NONE', *, *, #1820, .T. ) ;
#718 = DIRECTION ( 'NONE',  ( -0.000000000000000000, -1.000000000000000000, 0.000000000000000000 ) ) ;
#719 = CYLINDRICAL_SURFACE ( 'NONE', #882, 0.1000000000000000472 ) ;
#720 = EDGE_CURVE ( 'NONE', #702, #569, #473, .T. ) ;
#721 = VERTEX_POINT ( 'NONE', #1252 ) ;
#722 = CARTESIAN_POINT ( 'NONE',  ( -0.8000000000000001554, 0.6869192627366166315, 0.1499999999999996891 ) ) ;
#723 = ORIENTED_EDGE ( 'NONE', *, *, #572, .F. ) ;
#724 = AXIS2_PLACEMENT_3D ( 'NONE', #660, #139, #426 ) ;
#725 = CARTESIAN_POINT ( 'NONE',  ( -0.9000000000000001332, -1.355252715606880543E-17, -0.7499999999999997780 ) ) ;
#726 = VERTEX_POINT ( 'NONE', #527 ) ;
#727 = CARTESIAN_POINT ( 'NONE',  ( -0.9000000000000006883, -0.1000000000000000056, -0.7499999999999997780 ) ) ;
#728 = DIRECTION ( 'NONE',  ( 1.000000000000000000, 0.000000000000000000, 0.000000000000000000 ) ) ;
#729 = CARTESIAN_POINT ( 'NONE',  ( 0.9000000000000001332, -1.355252715606880543E-17, 0.7499999999999997780 ) ) ;
#730 = EDGE_CURVE ( 'NONE', #236, #1608, #419, .T. ) ;
#731 = CARTESIAN_POINT ( 'NONE',  ( -1.400000000000000133, 0.05999999999999994227, 0.7499999999999997780 ) ) ;
#732 = ORIENTED_EDGE ( 'NONE', *, *, #510, .F. ) ;
#733 = DIRECTION ( 'NONE',  ( 0.000000000000000000, 0.000000000000000000, 1.000000000000000000 ) ) ;
#734 = AXIS2_PLACEMENT_3D ( 'NONE', #1769, #1477, #661 ) ;
#735 = DIRECTION ( 'NONE',  ( -1.000000000000000000, 0.000000000000000000, 0.000000000000000000 ) ) ;
#736 = CARTESIAN_POINT ( 'NONE',  ( 0.9600000000000001865, 0.6869192627366166315, 0.7499999999999997780 ) ) ;
#737 = ORIENTED_EDGE ( 'NONE', *, *, #1596, .F. ) ;
#738 = AXIS2_PLACEMENT_3D ( 'NONE', #1676, #1256, #692 ) ;
#739 = CARTESIAN_POINT ( 'NONE',  ( -0.8000000000000001554, 0.6869192627366166315, 1.149999999999999689 ) ) ;
#740 = EDGE_CURVE ( 'NONE', #563, #1605, #950, .T. ) ;
#741 = ORIENTED_EDGE ( 'NONE', *, *, #818, .T. ) ;
#742 = EDGE_CURVE ( 'NONE', #463, #212, #387, .T. ) ;
#743 = DIRECTION ( 'NONE',  ( 0.000000000000000000, 0.000000000000000000, 1.000000000000000000 ) ) ;
#744 = CARTESIAN_POINT ( 'NONE',  ( -0.8600000000000000977, 0.5869192627366166537, -0.7499999999999997780 ) ) ;
#745 = CARTESIAN_POINT ( 'NONE',  ( -0.8600000000000000977, 0.5869192627366166537, 1.149999999999999689 ) ) ;
#746 = DIRECTION ( 'NONE',  ( -0.000000000000000000, -0.000000000000000000, -1.000000000000000000 ) ) ;
#747 = CARTESIAN_POINT ( 'NONE',  ( 0.9000000000000006883, -0.1000000000000000056, 0.7499999999999997780 ) ) ;
#748 = EDGE_LOOP ( 'NONE', ( #596, #841, #1687, #1717 ) ) ;
#749 = DIRECTION ( 'NONE',  ( 0.000000000000000000, -1.000000000000000000, -0.000000000000000000 ) ) ;
#750 = EDGE_CURVE ( 'NONE', #401, #1372, #1366, .T. ) ;
#751 = CIRCLE ( 'NONE', #1280, 0.1000000000000000472 ) ;
#752 = CARTESIAN_POINT ( 'NONE',  ( 0.000000000000000000, 0.000000000000000000, 0.000000000000000000 ) ) ;
#753 = DIRECTION ( 'NONE',  ( 0.000000000000000000, 0.000000000000000000, -1.000000000000000000 ) ) ;
#754 = VERTEX_POINT ( 'NONE', #310 ) ;
#755 = CARTESIAN_POINT ( 'NONE',  ( 0.8000000000000001554, 0.6869192627366166315, -0.7499999999999997780 ) ) ;
#756 = EDGE_LOOP ( 'NONE', ( #81, #892, #991, #1523 ) ) ;
#757 = ORIENTED_EDGE ( 'NONE', *, *, #696, .T. ) ;
#758 = FACE_OUTER_BOUND ( 'NONE', #1697, .T. ) ;
#759 = EDGE_CURVE ( 'NONE', #1372, #1271, #299, .T. ) ;
#760 = DIRECTION ( 'NONE',  ( 0.000000000000000000, 0.000000000000000000, 1.000000000000000000 ) ) ;
#761 = CARTESIAN_POINT ( 'NONE',  ( 0.8600000000000000977, 0.5869192627366166537, -1.149999999999999689 ) ) ;
#762 = EDGE_CURVE ( 'NONE', #1418, #1397, #1446, .T. ) ;
#763 = DIRECTION ( 'NONE',  ( 0.000000000000000000, 0.000000000000000000, -1.000000000000000000 ) ) ;
#764 = LINE ( 'NONE', #1461, #487 ) ;
#765 = VECTOR ( 'NONE', #1556, 1000.000000000000000 ) ;
#766 = ORIENTED_EDGE ( 'NONE', *, *, #1065, .T. ) ;
#767 = VERTEX_POINT ( 'NONE', #986 ) ;
#768 = PLANE ( 'NONE',  #1427 ) ;
#769 = PLANE ( 'NONE',  #53 ) ;
#770 = DIRECTION ( 'NONE',  ( -0.000000000000000000, -0.000000000000000000, -1.000000000000000000 ) ) ;
#771 = CARTESIAN_POINT ( 'NONE',  ( -0.9000000000000006883, -0.1000000000000000056, 0.1499999999999996891 ) ) ;
#772 = DIRECTION ( 'NONE',  ( -0.000000000000000000, -1.000000000000000000, -0.000000000000000000 ) ) ;
#773 = EDGE_CURVE ( 'NONE', #335, #563, #504, .T. ) ;
#774 = EDGE_LOOP ( 'NONE', ( #9, #675, #921, #1615 ) ) ;
#775 = ORIENTED_EDGE ( 'NONE', *, *, #1281, .F. ) ;
#776 = DIRECTION ( 'NONE',  ( 0.000000000000000000, 0.000000000000000000, -1.000000000000000000 ) ) ;
#777 = PLANE ( 'NONE',  #1647 ) ;
#778 = PLANE ( 'NONE',  #1822 ) ;
#779 = LINE ( 'NONE', #1203, #204 ) ;
#780 = DIRECTION ( 'NONE',  ( 0.000000000000000000, -1.000000000000000000, 0.000000000000000000 ) ) ;
#781 = EDGE_CURVE ( 'NONE', #624, #702, #878, .T. ) ;
#782 = VERTEX_POINT ( 'NONE', #1300 ) ;
#783 = VERTEX_POINT ( 'NONE', #591 ) ;
#784 = DIRECTION ( 'NONE',  ( -1.000000000000000000, 1.355252715606882022E-16, 0.000000000000000000 ) ) ;
#785 = VECTOR ( 'NONE', #340, 1000.000000000000000 ) ;
#786 = DIRECTION ( 'NONE',  ( 0.000000000000000000, 1.000000000000000000, -0.000000000000000000 ) ) ;
#787 = CARTESIAN_POINT ( 'NONE',  ( -1.400000000000000133, -0.1000000000000000749, 0.7499999999999997780 ) ) ;
#788 = DIRECTION ( 'NONE',  ( -1.000000000000000000, 0.000000000000000000, 0.000000000000000000 ) ) ;
#789 = CARTESIAN_POINT ( 'NONE',  ( 0.9000000000000006883, -0.1000000000000000056, -1.149999999999999689 ) ) ;
#790 = ORIENTED_EDGE ( 'NONE', *, *, #237, .F. ) ;
#791 = CIRCLE ( 'NONE', #734, 0.1000000000000000472 ) ;
#792 = ADVANCED_FACE ( 'NONE', ( #450 ), #1143, .F. ) ;
#793 = ORIENTED_EDGE ( 'NONE', *, *, #632, .F. ) ;
#794 = VECTOR ( 'NONE', #870, 1000.000000000000000 ) ;
#795 = CARTESIAN_POINT ( 'NONE',  ( 0.8000000000000001554, 1.100000000000000089, 1.449999999999999734 ) ) ;
#796 = ADVANCED_FACE ( 'NONE', ( #582 ), #1580, .T. ) ;
#797 = LINE ( 'NONE', #1043, #1796 ) ;
#798 = CARTESIAN_POINT ( 'NONE',  ( 0.000000000000000000, 0.000000000000000000, 0.000000000000000000 ) ) ;
#799 = DIRECTION ( 'NONE',  ( -0.000000000000000000, -0.000000000000000000, -1.000000000000000000 ) ) ;
#800 = CARTESIAN_POINT ( 'NONE',  ( 0.9000000000000001332, -1.355252715606880543E-17, 0.7499999999999997780 ) ) ;
#801 = VERTEX_POINT ( 'NONE', #570 ) ;
#802 = ORIENTED_EDGE ( 'NONE', *, *, #1128, .F. ) ;
#803 = CARTESIAN_POINT ( 'NONE',  ( 0.8600000000000000977, 0.5869192627366166537, 1.149999999999999689 ) ) ;
#804 = ADVANCED_FACE ( 'NONE', ( #1015 ), #1571, .T. ) ;
#805 = DIRECTION ( 'NONE',  ( 0.000000000000000000, 0.000000000000000000, 1.000000000000000000 ) ) ;
#806 = CARTESIAN_POINT ( 'NONE',  ( -0.9000000000000006883, -0.1000000000000000056, -0.2500000000000003331 ) ) ;
#807 = PLANE ( 'NONE',  #738 ) ;
#808 = FACE_OUTER_BOUND ( 'NONE', #1097, .T. ) ;
#809 = AXIS2_PLACEMENT_3D ( 'NONE', #1765, #486, #1464 ) ;
#810 = ORIENTED_EDGE ( 'NONE', *, *, #983, .T. ) ;
#811 = VERTEX_POINT ( 'NONE', #1691 ) ;
#812 = CARTESIAN_POINT ( 'NONE',  ( 0.7999999999999997113, 0.000000000000000000, -1.450000000000000178 ) ) ;
#813 = CYLINDRICAL_SURFACE ( 'NONE', #327, 0.1000000000000000472 ) ;
#814 = PERSON_AND_ORGANIZATION_ROLE ( 'creator' ) ;
#815 = EDGE_CURVE ( 'NONE', #1119, #1641, #847, .T. ) ;
#816 = CARTESIAN_POINT ( 'NONE',  ( 1.060000000000000275, 0.1600000000000000033, -0.7499999999999997780 ) ) ;
#817 = CARTESIAN_POINT ( 'NONE',  ( -1.060000000000000275, 0.1600000000000000033, 0.7499999999999997780 ) ) ;
#818 = EDGE_CURVE ( 'NONE', #598, #1298, #1292, .T. ) ;
#819 = ORIENTED_EDGE ( 'NONE', *, *, #664, .F. ) ;
#820 = CIRCLE ( 'NONE', #386, 0.1000000000000000472 ) ;
#821 = ORIENTED_EDGE ( 'NONE', *, *, #498, .F. ) ;
#822 = VECTOR ( 'NONE', #1741, 1000.000000000000000 ) ;
#823 = VECTOR ( 'NONE', #575, 1000.000000000000000 ) ;
#824 = CARTESIAN_POINT ( 'NONE',  ( -0.9000000000000001332, -1.355252715606880543E-17, -0.7499999999999997780 ) ) ;
#825 = COORDINATED_UNIVERSAL_TIME_OFFSET ( 5, 0, .AHEAD. ) ;
#826 = AXIS2_PLACEMENT_3D ( 'NONE', #4, #574, #672 ) ;
#827 = PLANE ( 'NONE',  #509 ) ;
#828 = DIRECTION ( 'NONE',  ( 0.000000000000000000, 0.000000000000000000, 1.000000000000000000 ) ) ;
#829 = EDGE_LOOP ( 'NONE', ( #1806, #1396, #1652, #1007, #1460, #1244, #947, #1475, #1035, #1745, #912, #1140 ) ) ;
#830 = ADVANCED_FACE ( 'NONE', ( #2 ), #430, .T. ) ;
#831 = EDGE_LOOP ( 'NONE', ( #1080, #324, #557, #3 ) ) ;
#832 = DIRECTION ( 'NONE',  ( 0.000000000000000000, 0.000000000000000000, -1.000000000000000000 ) ) ;
#833 = CALENDAR_DATE ( 2022, 28, 11 ) ;
#834 = LINE ( 'NONE', #244, #911 ) ;
#835 = CARTESIAN_POINT ( 'NONE',  ( -0.9600000000000001865, 0.6869192627366166315, -0.2500000000000003331 ) ) ;
#836 = VERTEX_POINT ( 'NONE', #1719 ) ;
#837 = AXIS2_PLACEMENT_3D ( 'NONE', #1207, #1070, #1599 ) ;
#838 = ADVANCED_FACE ( 'NONE', ( #996 ), #459, .T. ) ;
#839 = VERTEX_POINT ( 'NONE', #1438 ) ;
#840 = FACE_OUTER_BOUND ( 'NONE', #154, .T. ) ;
#841 = ORIENTED_EDGE ( 'NONE', *, *, #1253, .F. ) ;
#842 = DIRECTION ( 'NONE',  ( 1.355252715606882022E-16, -1.000000000000000000, 0.000000000000000000 ) ) ;
#843 = DIRECTION ( 'NONE',  ( 1.000000000000000000, 0.000000000000000000, 0.000000000000000000 ) ) ;
#844 = ORIENTED_EDGE ( 'NONE', *, *, #1664, .T. ) ;
#845 = LINE ( 'NONE', #568, #1072 ) ;
#846 = ORIENTED_EDGE ( 'NONE', *, *, #69, .F. ) ;
#847 = LINE ( 'NONE', #1429, #277 ) ;
#848 = VECTOR ( 'NONE', #1621, 1000.000000000000000 ) ;
#849 = EDGE_CURVE ( 'NONE', #236, #569, #1272, .T. ) ;
#850 = VECTOR ( 'NONE', #763, 1000.000000000000000 ) ;
#851 = ORIENTED_EDGE ( 'NONE', *, *, #930, .T. ) ;
#852 = CARTESIAN_POINT ( 'NONE',  ( -0.9600000000000001865, 0.1600000000000000033, 0.1499999999999996891 ) ) ;
#853 = AXIS2_PLACEMENT_3D ( 'NONE', #835, #684, #399 ) ;
#854 = FACE_OUTER_BOUND ( 'NONE', #694, .T. ) ;
#855 = ORIENTED_EDGE ( 'NONE', *, *, #1742, .T. ) ;
#856 = DIRECTION ( 'NONE',  ( -0.000000000000000000, -0.000000000000000000, -1.000000000000000000 ) ) ;
#857 = VERTEX_POINT ( 'NONE', #37 ) ;
#858 = DIRECTION ( 'NONE',  ( 0.000000000000000000, 1.000000000000000000, 0.000000000000000000 ) ) ;
#859 = EDGE_CURVE ( 'NONE', #124, #438, #1190, .T. ) ;
#860 = ORIENTED_EDGE ( 'NONE', *, *, #1653, .F. ) ;
#861 = CARTESIAN_POINT ( 'NONE',  ( 1.400000000000000133, -0.1000000000000000749, 0.7499999999999997780 ) ) ;
#862 = DIRECTION ( 'NONE',  ( 1.000000000000000000, 0.000000000000000000, -7.477256361968996479E-17 ) ) ;
#863 = LINE ( 'NONE', #455, #177 ) ;
#864 = LINE ( 'NONE', #1451, #1662 ) ;
#865 = VECTOR ( 'NONE', #482, 1000.000000000000000 ) ;
#866 = ORIENTED_EDGE ( 'NONE', *, *, #1709, .F. ) ;
#867 = AXIS2_PLACEMENT_3D ( 'NONE', #606, #467, #1023 ) ;
#868 = CARTESIAN_POINT ( 'NONE',  ( 0.8600000000000000977, 0.5869192627366166537, -0.7499999999999997780 ) ) ;
#869 = FACE_OUTER_BOUND ( 'NONE', #1504, .T. ) ;
#870 = DIRECTION ( 'NONE',  ( 0.000000000000000000, -1.000000000000000000, 0.000000000000000000 ) ) ;
#871 = ADVANCED_FACE ( 'NONE', ( #11 ), #441, .F. ) ;
#872 = CARTESIAN_POINT ( 'NONE',  ( 1.060000000000000275, 0.06000000000000001860, -0.7499999999999997780 ) ) ;
#873 = VECTOR ( 'NONE', #1730, 1000.000000000000000 ) ;
#874 = CARTESIAN_POINT ( 'NONE',  ( -0.9000000000000006883, -0.1000000000000000056, -0.2500000000000003331 ) ) ;
#875 = ADVANCED_FACE ( 'NONE', ( #206 ), #768, .T. ) ;
#876 = ORIENTED_EDGE ( 'NONE', *, *, #168, .T. ) ;
#877 = VECTOR ( 'NONE', #1359, 1000.000000000000000 ) ;
#878 = LINE ( 'NONE', #31, #1707 ) ;
#879 = VECTOR ( 'NONE', #1294, 1000.000000000000000 ) ;
#880 = DIRECTION ( 'NONE',  ( 0.000000000000000000, -0.000000000000000000, 1.000000000000000000 ) ) ;
#881 = FACE_OUTER_BOUND ( 'NONE', #695, .T. ) ;
#882 = AXIS2_PLACEMENT_3D ( 'NONE', #1249, #700, #129 ) ;
#883 = ORIENTED_EDGE ( 'NONE', *, *, #1675, .F. ) ;
#884 = CARTESIAN_POINT ( 'NONE',  ( -0.9600000000000001865, 0.1600000000000000033, 0.7499999999999997780 ) ) ;
#885 = EDGE_CURVE ( 'NONE', #1058, #528, #1493, .T. ) ;
#886 = ORIENTED_EDGE ( 'NONE', *, *, #1596, .T. ) ;
#887 = DIRECTION ( 'NONE',  ( -1.000000000000000000, 1.355252715606882022E-16, 0.000000000000000000 ) ) ;
#888 = PLANE ( 'NONE',  #1379 ) ;
#889 = DIRECTION ( 'NONE',  ( 0.000000000000000000, 0.000000000000000000, -1.000000000000000000 ) ) ;
#890 = CARTESIAN_POINT ( 'NONE',  ( -1.060000000000000275, 0.1600000000000000033, 1.149999999999999689 ) ) ;
#891 = PLANE ( 'NONE',  #924 ) ;
#892 = ORIENTED_EDGE ( 'NONE', *, *, #1631, .T. ) ;
#893 = AXIS2_PLACEMENT_3D ( 'NONE', #800, #77, #935 ) ;
#894 = EDGE_CURVE ( 'NONE', #212, #1641, #581, .T. ) ;
#895 = ORIENTED_EDGE ( 'NONE', *, *, #1196, .T. ) ;
#896 = CARTESIAN_POINT ( 'NONE',  ( 0.7999999999999997113, 1.100000000000000089, -1.450000000000000178 ) ) ;
#897 = VECTOR ( 'NONE', #1316, 1000.000000000000000 ) ;
#898 = PLANE ( 'NONE',  #1260 ) ;
#899 = LINE ( 'NONE', #1458, #701 ) ;
#900 = ORIENTED_EDGE ( 'NONE', *, *, #762, .F. ) ;
#901 = LINE ( 'NONE', #755, #1334 ) ;
#902 = VERTEX_POINT ( 'NONE', #366 ) ;
#903 = ORIENTED_EDGE ( 'NONE', *, *, #1357, .T. ) ;
#904 = DIRECTION ( 'NONE',  ( 0.000000000000000000, 0.000000000000000000, -1.000000000000000000 ) ) ;
#905 = EDGE_CURVE ( 'NONE', #1305, #417, #652, .T. ) ;
#906 = CARTESIAN_POINT ( 'NONE',  ( -1.060000000000000275, 0.06000000000000001860, -1.149999999999999689 ) ) ;
#907 = CARTESIAN_POINT ( 'NONE',  ( -1.060000000000000275, 0.1600000000000000033, -0.7499999999999997780 ) ) ;
#908 = AXIS2_PLACEMENT_3D ( 'NONE', #1711, #1161, #1412 ) ;
#909 = FACE_OUTER_BOUND ( 'NONE', #1222, .T. ) ;
#910 = DIRECTION ( 'NONE',  ( -0.000000000000000000, -0.000000000000000000, -1.000000000000000000 ) ) ;
#911 = VECTOR ( 'NONE', #1669, 1000.000000000000000 ) ;
#912 = ORIENTED_EDGE ( 'NONE', *, *, #1378, .F. ) ;
#913 = CIRCLE ( 'NONE', #1407, 0.1000000000000000472 ) ;
#914 = ORIENTED_EDGE ( 'NONE', *, *, #1642, .F. ) ;
#915 = FACE_OUTER_BOUND ( 'NONE', #1405, .T. ) ;
#916 = CARTESIAN_POINT ( 'NONE',  ( 0.8600000000000000977, 0.6869192627366166315, -1.149999999999999689 ) ) ;
#917 = DIRECTION ( 'NONE',  ( -1.000000000000000000, -0.000000000000000000, -0.000000000000000000 ) ) ;
#918 = EDGE_CURVE ( 'NONE', #624, #255, #72, .T. ) ;
#919 = DIRECTION ( 'NONE',  ( -1.000000000000000000, 0.000000000000000000, 0.000000000000000000 ) ) ;
#920 = DIRECTION ( 'NONE',  ( -1.495451272393799296E-16, -0.000000000000000000, -1.000000000000000000 ) ) ;
#921 = ORIENTED_EDGE ( 'NONE', *, *, #1663, .F. ) ;
#922 = EDGE_LOOP ( 'NONE', ( #592, #111, #375, #61 ) ) ;
#923 = DIRECTION ( 'NONE',  ( -0.000000000000000000, -1.000000000000000000, -0.000000000000000000 ) ) ;
#924 = AXIS2_PLACEMENT_3D ( 'NONE', #51, #343, #1750 ) ;
#925 = CARTESIAN_POINT ( 'NONE',  ( 1.060000000000000275, 0.06000000000000001860, 1.149999999999999689 ) ) ;
#926 = FACE_OUTER_BOUND ( 'NONE', #1382, .T. ) ;
#927 = PLANE ( 'NONE',  #85 ) ;
#928 = CARTESIAN_POINT ( 'NONE',  ( -1.400000000000000133, 0.05999999999999994227, -0.7499999999999997780 ) ) ;
#929 = ORIENTED_EDGE ( 'NONE', *, *, #1209, .T. ) ;
#930 = EDGE_CURVE ( 'NONE', #230, #1354, #1307, .T. ) ;
#931 = ORIENTED_EDGE ( 'NONE', *, *, #1330, .T. ) ;
#932 = CARTESIAN_POINT ( 'NONE',  ( -0.8600000000000000977, 0.6869192627366166315, 1.149999999999999689 ) ) ;
#933 = DIRECTION ( 'NONE',  ( -0.000000000000000000, -0.000000000000000000, 1.000000000000000000 ) ) ;
#934 = FACE_OUTER_BOUND ( 'NONE', #157, .T. ) ;
#935 = DIRECTION ( 'NONE',  ( -1.000000000000000000, 0.000000000000000000, 0.000000000000000000 ) ) ;
#936 = ORIENTED_EDGE ( 'NONE', *, *, #382, .T. ) ;
#937 = VECTOR ( 'NONE', #887, 1000.000000000000000 ) ;
#938 = AXIS2_PLACEMENT_3D ( 'NONE', #729, #1011, #226 ) ;
#939 = EDGE_CURVE ( 'NONE', #839, #1076, #625, .T. ) ;
#940 = EDGE_LOOP ( 'NONE', ( #71, #1282, #424, #1535 ) ) ;
#941 = DIRECTION ( 'NONE',  ( -1.000000000000000000, 0.000000000000000000, 0.000000000000000000 ) ) ;
#942 = CARTESIAN_POINT ( 'NONE',  ( 0.9600000000000001865, 0.1600000000000000033, 0.7499999999999997780 ) ) ;
#943 = DIRECTION ( 'NONE',  ( 1.000000000000000000, 0.000000000000000000, 0.000000000000000000 ) ) ;
#944 = PLANE ( 'NONE',  #1293 ) ;
#945 = PLANE ( 'NONE',  #893 ) ;
#946 = ORIENTED_EDGE ( 'NONE', *, *, #1104, .F. ) ;
#947 = ORIENTED_EDGE ( 'NONE', *, *, #885, .T. ) ;
#948 = DIRECTION ( 'NONE',  ( -1.355252715606882022E-16, 1.000000000000000000, 0.000000000000000000 ) ) ;
#949 = EDGE_CURVE ( 'NONE', #438, #981, #1484, .T. ) ;
#950 = LINE ( 'NONE', #141, #1234 ) ;
#951 = EDGE_CURVE ( 'NONE', #1764, #1553, #1180, .T. ) ;
#952 = APPLICATION_PROTOCOL_DEFINITION ( 'international standard', 'config_control_design', 1994, #306 ) ;
#953 = ORIENTED_EDGE ( 'NONE', *, *, #29, .F. ) ;
#954 = FACE_OUTER_BOUND ( 'NONE', #549, .T. ) ;
#955 = CARTESIAN_POINT ( 'NONE',  ( -1.060000000000000275, 0.06000000000000001860, -0.7499999999999997780 ) ) ;
#956 = VECTOR ( 'NONE', #1061, 1000.000000000000000 ) ;
#957 = VERTEX_POINT ( 'NONE', #614 ) ;
#958 = ORIENTED_EDGE ( 'NONE', *, *, #1177, .T. ) ;
#959 = AXIS2_PLACEMENT_3D ( 'NONE', #1448, #753, #1319 ) ;
#960 = DIRECTION ( 'NONE',  ( -1.000000000000000000, -2.391622439306259897E-16, 0.000000000000000000 ) ) ;
#961 = PERSON_AND_ORGANIZATION ( #1399, #1674 ) ;
#962 = EDGE_CURVE ( 'NONE', #1372, #1462, #1032, .T. ) ;
#963 = CYLINDRICAL_SURFACE ( 'NONE', #1144, 0.1000000000000000472 ) ;
#964 = CARTESIAN_POINT ( 'NONE',  ( -0.8600000000000000977, 0.6869192627366166315, -0.7499999999999997780 ) ) ;
#965 = ORIENTED_EDGE ( 'NONE', *, *, #1527, .T. ) ;
#966 = VECTOR ( 'NONE', #718, 1000.000000000000000 ) ;
#967 = ORIENTED_EDGE ( 'NONE', *, *, #1243, .T. ) ;
#968 = VECTOR ( 'NONE', #1403, 1000.000000000000000 ) ;
#969 = DIRECTION ( 'NONE',  ( 1.000000000000000000, 0.000000000000000000, 0.000000000000000000 ) ) ;
#970 = VERTEX_POINT ( 'NONE', #1169 ) ;
#971 = FACE_OUTER_BOUND ( 'NONE', #1048, .T. ) ;
#972 = CARTESIAN_POINT ( 'NONE',  ( 0.9000000000000006883, -0.1000000000000000056, 1.149999999999999689 ) ) ;
#973 = ADVANCED_FACE ( 'NONE', ( #1617 ), #1746, .T. ) ;
#974 = ORIENTED_EDGE ( 'NONE', *, *, #165, .F. ) ;
#975 = VERTEX_POINT ( 'NONE', #1775 ) ;
#976 = CARTESIAN_POINT ( 'NONE',  ( 0.8000000000000001554, 0.6869192627366166315, 0.7499999999999997780 ) ) ;
#977 = PERSON_AND_ORGANIZATION ( #1399, #1674 ) ;
#978 = ORIENTED_EDGE ( 'NONE', *, *, #1387, .T. ) ;
#979 = CYLINDRICAL_SURFACE ( 'NONE', #826, 0.1000000000000000472 ) ;
#980 = DIRECTION ( 'NONE',  ( 0.000000000000000000, 0.000000000000000000, 1.000000000000000000 ) ) ;
#981 = VERTEX_POINT ( 'NONE', #932 ) ;
#982 = DIRECTION ( 'NONE',  ( -1.000000000000000000, -2.391622439306259897E-16, 0.000000000000000000 ) ) ;
#983 = EDGE_CURVE ( 'NONE', #857, #257, #1736, .T. ) ;
#984 = ADVANCED_FACE ( 'NONE', ( #915 ), #1609, .F. ) ;
#985 = ORIENTED_EDGE ( 'NONE', *, *, #474, .F. ) ;
#986 = CARTESIAN_POINT ( 'NONE',  ( -1.400000000000000133, -0.1000000000000000749, 0.1499999999999996891 ) ) ;
#987 = DATE_AND_TIME ( #1246, #144 ) ;
#988 = EDGE_LOOP ( 'NONE', ( #1819, #1110, #1273, #140 ) ) ;
#989 = CARTESIAN_POINT ( 'NONE',  ( -0.9000000000000006883, -0.1000000000000000056, 0.7499999999999997780 ) ) ;
#990 = CARTESIAN_POINT ( 'NONE',  ( -1.400000000000000133, -0.1000000000000000749, 0.7499999999999997780 ) ) ;
#991 = ORIENTED_EDGE ( 'NONE', *, *, #1062, .T. ) ;
#992 = FACE_OUTER_BOUND ( 'NONE', #238, .T. ) ;
#993 = ORIENTED_EDGE ( 'NONE', *, *, #1309, .T. ) ;
#994 = ADVANCED_FACE ( 'NONE', ( #758 ), #508, .F. ) ;
#995 = AXIS2_PLACEMENT_3D ( 'NONE', #752, #1421, #880 ) ;
#996 = FACE_OUTER_BOUND ( 'NONE', #421, .T. ) ;
#997 = AXIS2_PLACEMENT_3D ( 'NONE', #824, #396, #969 ) ;
#998 = CIRCLE ( 'NONE', #622, 0.1000000000000000472 ) ;
#999 = ORIENTED_EDGE ( 'NONE', *, *, #1038, .F. ) ;
#1000 = CARTESIAN_POINT ( 'NONE',  ( -1.400000000000000133, -0.1000000000000000749, -1.149999999999999689 ) ) ;
#1001 = CARTESIAN_POINT ( 'NONE',  ( 1.400000000000000133, -0.1000000000000000749, -0.7499999999999997780 ) ) ;
#1002 = ORIENTED_EDGE ( 'NONE', *, *, #740, .T. ) ;
#1003 = DIRECTION ( 'NONE',  ( -1.000000000000000000, -1.355252715606882022E-16, 0.000000000000000000 ) ) ;
#1004 = VERTEX_POINT ( 'NONE', #1346 ) ;
#1005 = EDGE_CURVE ( 'NONE', #598, #352, #607, .T. ) ;
#1006 = CARTESIAN_POINT ( 'NONE',  ( 0.000000000000000000, 1.100000000000000089, 0.000000000000000000 ) ) ;
#1007 = ORIENTED_EDGE ( 'NONE', *, *, #1411, .T. ) ;
#1008 = EDGE_CURVE ( 'NONE', #54, #782, #1637, .T. ) ;
#1009 = PLANE ( 'NONE',  #292 ) ;
#1010 = CARTESIAN_POINT ( 'NONE',  ( -0.8000000000000003775, 0.6869192627366166315, -0.7499999999999997780 ) ) ;
#1011 = DIRECTION ( 'NONE',  ( -0.000000000000000000, -0.000000000000000000, -1.000000000000000000 ) ) ;
#1012 = DIRECTION ( 'NONE',  ( 0.000000000000000000, 0.000000000000000000, 1.000000000000000000 ) ) ;
#1013 = VECTOR ( 'NONE', #1780, 1000.000000000000000 ) ;
#1014 = ORIENTED_EDGE ( 'NONE', *, *, #168, .F. ) ;
#1015 = FACE_OUTER_BOUND ( 'NONE', #774, .T. ) ;
#1016 = CARTESIAN_POINT ( 'NONE',  ( -1.060000000000000275, 0.1600000000000000033, 0.1499999999999996891 ) ) ;
#1017 = DIRECTION ( 'NONE',  ( -0.000000000000000000, -1.000000000000000000, -0.000000000000000000 ) ) ;
#1018 = EDGE_CURVE ( 'NONE', #1608, #525, #377, .T. ) ;
#1019 = ORIENTED_EDGE ( 'NONE', *, *, #6, .F. ) ;
#1020 = DIRECTION ( 'NONE',  ( 0.000000000000000000, 0.000000000000000000, -1.000000000000000000 ) ) ;
#1021 = EDGE_LOOP ( 'NONE', ( #312, #116, #846, #1509, #1627, #1226, #524, #316, #52, #1781, #1636, #851, #506, #293, #328, #1002 ) ) ;
#1022 = VECTOR ( 'NONE', #1630, 1000.000000000000000 ) ;
#1023 = DIRECTION ( 'NONE',  ( 1.000000000000000000, 0.000000000000000000, 0.000000000000000000 ) ) ;
#1024 = VECTOR ( 'NONE', #1052, 1000.000000000000000 ) ;
#1025 = DIRECTION ( 'NONE',  ( -1.000000000000000000, 0.000000000000000000, 0.000000000000000000 ) ) ;
#1026 = CARTESIAN_POINT ( 'NONE',  ( 0.7999999999999997113, 0.6869192627366167425, -1.149999999999999689 ) ) ;
#1027 = VECTOR ( 'NONE', #1126, 1000.000000000000000 ) ;
#1028 = ORIENTED_EDGE ( 'NONE', *, *, #750, .T. ) ;
#1029 = ADVANCED_FACE ( 'NONE', ( #714 ), #534, .F. ) ;
#1030 = DIRECTION ( 'NONE',  ( 0.000000000000000000, 0.000000000000000000, 1.000000000000000000 ) ) ;
#1031 = ORIENTED_EDGE ( 'NONE', *, *, #301, .T. ) ;
#1032 = LINE ( 'NONE', #1189, #1337 ) ;
#1033 = LINE ( 'NONE', #1600, #676 ) ;
#1034 = DIRECTION ( 'NONE',  ( -7.477256361968996479E-17, 0.000000000000000000, -1.000000000000000000 ) ) ;
#1035 = ORIENTED_EDGE ( 'NONE', *, *, #1651, .T. ) ;
#1036 = LINE ( 'NONE', #25, #1013 ) ;
#1037 = ORIENTED_EDGE ( 'NONE', *, *, #1820, .F. ) ;
#1038 = EDGE_CURVE ( 'NONE', #1250, #1605, #247, .T. ) ;
#1039 = ORIENTED_EDGE ( 'NONE', *, *, #618, .F. ) ;
#1040 = CARTESIAN_POINT ( 'NONE',  ( 0.8600000000000000977, 0.6869192627366166315, 0.7499999999999997780 ) ) ;
#1041 = PRODUCT ( 'TC7S14FU,LF', 'TC7S14FU,LF', '', ( #1667 ) ) ;
#1042 = CIRCLE ( 'NONE', #341, 0.1000000000000000472 ) ;
#1043 = CARTESIAN_POINT ( 'NONE',  ( 0.9000000000000006883, -0.1000000000000000056, -1.149999999999999689 ) ) ;
#1044 = DIRECTION ( 'NONE',  ( 1.000000000000000000, 1.355252715606882022E-16, -0.000000000000000000 ) ) ;
#1045 = DIRECTION ( 'NONE',  ( -1.000000000000000000, 0.000000000000000000, 1.495451272393799296E-16 ) ) ;
#1046 = CARTESIAN_POINT ( 'NONE',  ( -0.9600000000000001865, 0.6869192627366166315, -0.2500000000000003331 ) ) ;
#1047 = VERTEX_POINT ( 'NONE', #703 ) ;
#1048 = EDGE_LOOP ( 'NONE', ( #1589, #1037, #1401, #741 ) ) ;
#1049 = CARTESIAN_POINT ( 'NONE',  ( -1.060000000000000275, 0.1600000000000000033, -0.7499999999999997780 ) ) ;
#1050 = ADVANCED_FACE ( 'NONE', ( #578 ), #1784, .F. ) ;
#1051 = APPROVAL_PERSON_ORGANIZATION ( #1692, #1584, #571 ) ;
#1052 = DIRECTION ( 'NONE',  ( 0.000000000000000000, 0.000000000000000000, -1.000000000000000000 ) ) ;
#1053 = VECTOR ( 'NONE', #543, 1000.000000000000000 ) ;
#1054 = CARTESIAN_POINT ( 'NONE',  ( -0.8000000000000001554, 0.6869192627366166315, 0.1499999999999996891 ) ) ;
#1055 = CARTESIAN_POINT ( 'NONE',  ( 1.060000000000000275, 0.06000000000000001860, -0.7499999999999997780 ) ) ;
#1056 = CLOSED_SHELL ( 'NONE', ( #1666, #178, #252, #437, #796, #425, #706, #208, #131, #608, #1532, #123, #551, #84, #1162, #1029, #1528, #1139, #1050, #395, #994, #1572, #1333, #830, #266, #109, #1699, #1398, #629, #1610, #1185, #792, #875, #1466, #871, #984, #187, #1344, #1083, #1118, #687, #240, #1490, #1766, #197, #27, #357, #1456, #1199, #599, #838, #416, #298, #973, #229, #804 ) ) ;
#1057 = VECTOR ( 'NONE', #291, 1000.000000000000000 ) ;
#1058 = VERTEX_POINT ( 'NONE', #795 ) ;
#1059 = VECTOR ( 'NONE', #1430, 1000.000000000000000 ) ;
#1060 = ORIENTED_EDGE ( 'NONE', *, *, #373, .F. ) ;
#1061 = DIRECTION ( 'NONE',  ( 7.477256361968996479E-17, 0.000000000000000000, 1.000000000000000000 ) ) ;
#1062 = EDGE_CURVE ( 'NONE', #1258, #1408, #845, .T. ) ;
#1063 = CARTESIAN_POINT ( 'NONE',  ( 0.9000000000000001332, -1.355252715606880543E-17, -1.149999999999999689 ) ) ;
#1064 = CARTESIAN_POINT ( 'NONE',  ( -1.060000000000000275, 0.05999999999999999778, -0.2500000000000003331 ) ) ;
#1065 = EDGE_CURVE ( 'NONE', #1134, #1801, #150, .T. ) ;
#1066 = LINE ( 'NONE', #389, #1650 ) ;
#1067 = CARTESIAN_POINT ( 'NONE',  ( 0.9600000000000001865, 0.5869192627366166537, 0.7499999999999997780 ) ) ;
#1068 = ORIENTED_EDGE ( 'NONE', *, *, #315, .F. ) ;
#1069 = ORIENTED_EDGE ( 'NONE', *, *, #849, .F. ) ;
#1070 = DIRECTION ( 'NONE',  ( 0.000000000000000000, 0.000000000000000000, 1.000000000000000000 ) ) ;
#1071 = FACE_OUTER_BOUND ( 'NONE', #1314, .T. ) ;
#1072 = VECTOR ( 'NONE', #1569, 1000.000000000000000 ) ;
#1073 = CARTESIAN_POINT ( 'NONE',  ( -1.060000000000000275, 0.06000000000000001860, -0.7499999999999997780 ) ) ;
#1074 = DIRECTION ( 'NONE',  ( 1.000000000000000000, 1.355252715606882022E-16, 0.000000000000000000 ) ) ;
#1075 = EDGE_CURVE ( 'NONE', #255, #515, #1042, .T. ) ;
#1076 = VERTEX_POINT ( 'NONE', #1131 ) ;
#1077 = ORIENTED_EDGE ( 'NONE', *, *, #1549, .T. ) ;
#1078 = DIRECTION ( 'NONE',  ( 0.000000000000000000, 0.000000000000000000, 1.000000000000000000 ) ) ;
#1079 = DIRECTION ( 'NONE',  ( 0.000000000000000000, 0.000000000000000000, 1.000000000000000000 ) ) ;
#1080 = ORIENTED_EDGE ( 'NONE', *, *, #562, .F. ) ;
#1081 = FACE_OUTER_BOUND ( 'NONE', #1175, .T. ) ;
#1082 = CARTESIAN_POINT ( 'NONE',  ( -0.8000000000000001554, 1.100000000000000089, 1.449999999999999734 ) ) ;
#1083 = ADVANCED_FACE ( 'NONE', ( #284 ), #1120, .F. ) ;
#1084 = VERTEX_POINT ( 'NONE', #1356 ) ;
#1085 = VECTOR ( 'NONE', #1485, 1000.000000000000000 ) ;
#1086 = VECTOR ( 'NONE', #1322, 1000.000000000000000 ) ;
#1087 = ORIENTED_EDGE ( 'NONE', *, *, #495, .F. ) ;
#1088 = CARTESIAN_POINT ( 'NONE',  ( 0.8000000000000001554, 0.6869192627366166315, 0.7499999999999997780 ) ) ;
#1089 = CARTESIAN_POINT ( 'NONE',  ( 0.8000000000000001554, 0.6869192627366166315, -0.7499999999999997780 ) ) ;
#1090 = DATE_AND_TIME ( #833, #558 ) ;
#1091 = DIRECTION ( 'NONE',  ( 7.477256361968996479E-17, 0.000000000000000000, 1.000000000000000000 ) ) ;
#1092 = CARTESIAN_POINT ( 'NONE',  ( -0.8000000000000000444, -1.355252715606880543E-17, 0.1499999999999996891 ) ) ;
#1093 = ORIENTED_EDGE ( 'NONE', *, *, #1038, .T. ) ;
#1094 = VERTEX_POINT ( 'NONE', #249 ) ;
#1095 = EDGE_CURVE ( 'NONE', #1278, #124, #8, .T. ) ;
#1096 = DIRECTION ( 'NONE',  ( -2.391622439306259897E-16, 1.000000000000000000, 0.000000000000000000 ) ) ;
#1097 = EDGE_LOOP ( 'NONE', ( #1255, #1087, #705, #903 ) ) ;
#1098 = FACE_OUTER_BOUND ( 'NONE', #24, .T. ) ;
#1099 = CARTESIAN_POINT ( 'NONE',  ( -0.9000000000000006883, -0.1000000000000000056, 1.149999999999999689 ) ) ;
#1100 = VECTOR ( 'NONE', #923, 1000.000000000000000 ) ;
#1101 = VERTEX_POINT ( 'NONE', #1827 ) ;
#1102 = ORIENTED_EDGE ( 'NONE', *, *, #47, .F. ) ;
#1103 = CIRCLE ( 'NONE', #1759, 0.1000000000000000472 ) ;
#1104 = EDGE_CURVE ( 'NONE', #528, #1084, #1698, .T. ) ;
#1105 = DIRECTION ( 'NONE',  ( 1.000000000000000000, 0.000000000000000000, 0.000000000000000000 ) ) ;
#1106 = PERSON_AND_ORGANIZATION_ROLE ( 'creator' ) ;
#1107 = CARTESIAN_POINT ( 'NONE',  ( 1.400000000000000133, -0.1000000000000000749, -1.149999999999999689 ) ) ;
#1108 = CYLINDRICAL_SURFACE ( 'NONE', #507, 0.1000000000000000472 ) ;
#1109 = CC_DESIGN_APPROVAL ( #1232, ( #369 ) ) ;
#1110 = ORIENTED_EDGE ( 'NONE', *, *, #153, .T. ) ;
#1111 = VECTOR ( 'NONE', #1776, 1000.000000000000000 ) ;
#1112 = ORIENTED_EDGE ( 'NONE', *, *, #1095, .T. ) ;
#1113 = CARTESIAN_POINT ( 'NONE',  ( 0.9600000000000001865, 0.5869192627366166537, -0.7499999999999997780 ) ) ;
#1114 = EDGE_CURVE ( 'NONE', #463, #1119, #751, .T. ) ;
#1115 = ORIENTED_EDGE ( 'NONE', *, *, #402, .T. ) ;
#1116 = CARTESIAN_POINT ( 'NONE',  ( -0.8600000000000000977, 0.5869192627366166537, -0.2500000000000003331 ) ) ;
#1117 = CARTESIAN_POINT ( 'NONE',  ( 0.9600000000000001865, 0.6869192627366166315, 0.7499999999999997780 ) ) ;
#1118 = ADVANCED_FACE ( 'NONE', ( #992 ), #1559, .T. ) ;
#1119 = VERTEX_POINT ( 'NONE', #1227 ) ;
#1120 = PLANE ( 'NONE',  #491 ) ;
#1121 = ORIENTED_EDGE ( 'NONE', *, *, #1720, .T. ) ;
#1122 = DIRECTION ( 'NONE',  ( -0.000000000000000000, -0.000000000000000000, 1.000000000000000000 ) ) ;
#1123 = PERSON_AND_ORGANIZATION ( #1399, #1674 ) ;
#1124 = ORIENTED_EDGE ( 'NONE', *, *, #361, .T. ) ;
#1125 = CARTESIAN_POINT ( 'NONE',  ( -0.9600000000000001865, 0.1600000000000000033, -0.7499999999999997780 ) ) ;
#1126 = DIRECTION ( 'NONE',  ( -1.000000000000000000, -2.391622439306259897E-16, 0.000000000000000000 ) ) ;
#1127 = VECTOR ( 'NONE', #514, 1000.000000000000000 ) ;
#1128 = EDGE_CURVE ( 'NONE', #721, #1626, #1417, .T. ) ;
#1129 = ORIENTED_EDGE ( 'NONE', *, *, #541, .F. ) ;
#1130 = EDGE_CURVE ( 'NONE', #1397, #726, #158, .T. ) ;
#1131 = CARTESIAN_POINT ( 'NONE',  ( -1.400000000000000133, -0.1000000000000000749, -0.2500000000000003331 ) ) ;
#1132 = VERTEX_POINT ( 'NONE', #1279 ) ;
#1133 = DIRECTION ( 'NONE',  ( 0.000000000000000000, 0.000000000000000000, 1.000000000000000000 ) ) ;
#1134 = VERTEX_POINT ( 'NONE', #1706 ) ;
#1135 = DIRECTION ( 'NONE',  ( 0.000000000000000000, 0.000000000000000000, -1.000000000000000000 ) ) ;
#1136 = LINE ( 'NONE', #1601, #785 ) ;
#1137 = EDGE_LOOP ( 'NONE', ( #7, #220, #691, #205, #1541, #110, #1077, #1705, #929 ) ) ;
#1138 = DIRECTION ( 'NONE',  ( 0.000000000000000000, 0.000000000000000000, 1.000000000000000000 ) ) ;
#1139 = ADVANCED_FACE ( 'NONE', ( #18 ), #1216, .F. ) ;
#1140 = ORIENTED_EDGE ( 'NONE', *, *, #553, .T. ) ;
#1141 = VECTOR ( 'NONE', #1794, 1000.000000000000000 ) ;
#1142 = EDGE_CURVE ( 'NONE', #688, #1305, #1217, .T. ) ;
#1143 = PLANE ( 'NONE',  #908 ) ;
#1144 = AXIS2_PLACEMENT_3D ( 'NONE', #1240, #1394, #422 ) ;
#1145 = ORIENTED_EDGE ( 'NONE', *, *, #962, .F. ) ;
#1146 = FACE_OUTER_BOUND ( 'NONE', #1151, .T. ) ;
#1147 = DIRECTION ( 'NONE',  ( 0.000000000000000000, -1.000000000000000000, 0.000000000000000000 ) ) ;
#1148 = VECTOR ( 'NONE', #564, 1000.000000000000000 ) ;
#1149 = PLANE ( 'NONE',  #1499 ) ;
#1150 = CARTESIAN_POINT ( 'NONE',  ( -0.8000000000000001554, 0.6869192627366166315, -0.2500000000000003331 ) ) ;
#1151 = EDGE_LOOP ( 'NONE', ( #605, #1145, #1178, #132 ) ) ;
#1152 = DIRECTION ( 'NONE',  ( 0.000000000000000000, 0.000000000000000000, 1.000000000000000000 ) ) ;
#1153 = EDGE_CURVE ( 'NONE', #1436, #1004, #371, .T. ) ;
#1154 = DIRECTION ( 'NONE',  ( -1.000000000000000000, 0.000000000000000000, -0.000000000000000000 ) ) ;
#1155 = CARTESIAN_POINT ( 'NONE',  ( -0.8000000000000003775, 1.100000000000000089, -1.450000000000000178 ) ) ;
#1156 = ORIENTED_EDGE ( 'NONE', *, *, #918, .F. ) ;
#1157 = DIRECTION ( 'NONE',  ( -1.000000000000000000, 0.000000000000000000, 0.000000000000000000 ) ) ;
#1158 = AXIS2_PLACEMENT_3D ( 'NONE', #803, #1364, #1434 ) ;
#1159 = ORIENTED_EDGE ( 'NONE', *, *, #1597, .T. ) ;
#1160 = AXIS2_PLACEMENT_3D ( 'NONE', #152, #1152, #716 ) ;
#1161 = DIRECTION ( 'NONE',  ( 0.000000000000000000, 0.000000000000000000, -1.000000000000000000 ) ) ;
#1162 = ADVANCED_FACE ( 'NONE', ( #1733 ), #1578, .T. ) ;
#1163 = CARTESIAN_POINT ( 'NONE',  ( -0.8000000000000000444, -1.355252715606880543E-17, -0.7499999999999997780 ) ) ;
#1164 = DIRECTION ( 'NONE',  ( 0.000000000000000000, 0.000000000000000000, 1.000000000000000000 ) ) ;
#1165 = ORIENTED_EDGE ( 'NONE', *, *, #1527, .F. ) ;
#1166 = DIRECTION ( 'NONE',  ( 0.000000000000000000, 0.000000000000000000, 1.000000000000000000 ) ) ;
#1167 = ORIENTED_EDGE ( 'NONE', *, *, #69, .T. ) ;
#1168 = CC_DESIGN_APPROVAL ( #1751, ( #256 ) ) ;
#1169 = CARTESIAN_POINT ( 'NONE',  ( -0.8000000000000001554, 0.000000000000000000, 1.449999999999999734 ) ) ;
#1170 = DIRECTION ( 'NONE',  ( 0.000000000000000000, 0.000000000000000000, 1.000000000000000000 ) ) ;
#1171 = CARTESIAN_POINT ( 'NONE',  ( -0.8000000000000003775, 1.100000000000000089, -1.450000000000000178 ) ) ;
#1172 = CC_DESIGN_DATE_AND_TIME_ASSIGNMENT ( #1384, #143, ( #256 ) ) ;
#1173 = AXIS2_PLACEMENT_3D ( 'NONE', #1479, #788, #1648 ) ;
#1174 = VECTOR ( 'NONE', #920, 1000.000000000000000 ) ;
#1175 = EDGE_LOOP ( 'NONE', ( #391, #1112, #1362, #162 ) ) ;
#1176 = DIRECTION ( 'NONE',  ( 0.000000000000000000, 0.000000000000000000, 1.000000000000000000 ) ) ;
#1177 = EDGE_CURVE ( 'NONE', #352, #1524, #1595, .T. ) ;
#1178 = ORIENTED_EDGE ( 'NONE', *, *, #750, .F. ) ;
#1179 = VERTEX_POINT ( 'NONE', #884 ) ;
#1180 = LINE ( 'NONE', #213, #191 ) ;
#1181 = DIRECTION ( 'NONE',  ( 1.000000000000000000, 0.000000000000000000, -0.000000000000000000 ) ) ;
#1182 = DIRECTION ( 'NONE',  ( 1.000000000000000000, 1.355252715606882022E-16, -0.000000000000000000 ) ) ;
#1183 = PLANE ( 'NONE',  #1467 ) ;
#1184 = DIRECTION ( 'NONE',  ( 7.477256361968996479E-17, 0.000000000000000000, 1.000000000000000000 ) ) ;
#1185 = ADVANCED_FACE ( 'NONE', ( #43 ), #891, .T. ) ;
#1186 = ORIENTED_EDGE ( 'NONE', *, *, #520, .F. ) ;
#1187 = VECTOR ( 'NONE', #1725, 1000.000000000000000 ) ;
#1188 = ORIENTED_EDGE ( 'NONE', *, *, #1142, .F. ) ;
#1189 = CARTESIAN_POINT ( 'NONE',  ( 1.400000000000000133, -0.1000000000000000749, 0.7499999999999997780 ) ) ;
#1190 = CIRCLE ( 'NONE', #867, 0.1000000000000000472 ) ;
#1191 = DIRECTION ( 'NONE',  ( -0.000000000000000000, -0.000000000000000000, -1.000000000000000000 ) ) ;
#1192 = CARTESIAN_POINT ( 'NONE',  ( -0.9600000000000001865, 0.6869192627366166315, 0.7499999999999997780 ) ) ;
#1193 = LINE ( 'NONE', #928, #1127 ) ;
#1194 = VECTOR ( 'NONE', #1147, 1000.000000000000000 ) ;
#1195 = ORIENTED_EDGE ( 'NONE', *, *, #60, .F. ) ;
#1196 = EDGE_CURVE ( 'NONE', #1558, #1764, #1423, .T. ) ;
#1197 = ORIENTED_EDGE ( 'NONE', *, *, #1018, .T. ) ;
#1198 = DIRECTION ( 'NONE',  ( 0.000000000000000000, 0.000000000000000000, -1.000000000000000000 ) ) ;
#1199 = ADVANCED_FACE ( 'NONE', ( #464 ), #612, .T. ) ;
#1200 = DIRECTION ( 'NONE',  ( -1.000000000000000000, -2.391622439306259897E-16, -0.000000000000000000 ) ) ;
#1201 = CARTESIAN_POINT ( 'NONE',  ( -0.9600000000000001865, 0.6869192627366166315, -1.149999999999999689 ) ) ;
#1202 = CIRCLE ( 'NONE', #561, 0.1000000000000000472 ) ;
#1203 = CARTESIAN_POINT ( 'NONE',  ( -0.9000000000000006883, -0.1000000000000000056, -0.2500000000000003331 ) ) ;
#1204 = FACE_OUTER_BOUND ( 'NONE', #1694, .T. ) ;
#1205 = ORIENTED_EDGE ( 'NONE', *, *, #905, .F. ) ;
#1206 = ORIENTED_EDGE ( 'NONE', *, *, #1177, .F. ) ;
#1207 = CARTESIAN_POINT ( 'NONE',  ( -0.9000000000000001332, -1.355252715606880543E-17, 0.7499999999999997780 ) ) ;
#1208 = APPLICATION_CONTEXT ( 'configuration controlled 3d designs of mechanical parts and assemblies' ) ;
#1209 = EDGE_CURVE ( 'NONE', #1524, #836, #167, .T. ) ;
#1210 = CARTESIAN_POINT ( 'NONE',  ( -0.9600000000000001865, 0.5869192627366166537, 0.1499999999999996891 ) ) ;
#1211 = CARTESIAN_POINT ( 'NONE',  ( -1.060000000000000275, 0.05999999999999999778, 1.149999999999999689 ) ) ;
#1212 = LINE ( 'NONE', #1779, #294 ) ;
#1213 = PLANE ( 'NONE',  #99 ) ;
#1214 = ORIENTED_EDGE ( 'NONE', *, *, #1389, .T. ) ;
#1215 = ORIENTED_EDGE ( 'NONE', *, *, #740, .F. ) ;
#1216 = CYLINDRICAL_SURFACE ( 'NONE', #1723, 0.1000000000000000472 ) ;
#1217 = CIRCLE ( 'NONE', #1158, 0.1000000000000000472 ) ;
#1218 = DIRECTION ( 'NONE',  ( -0.000000000000000000, -1.000000000000000000, 0.000000000000000000 ) ) ;
#1219 = VECTOR ( 'NONE', #1756, 1000.000000000000000 ) ;
#1220 = LINE ( 'NONE', #1508, #499 ) ;
#1221 = EDGE_CURVE ( 'NONE', #335, #70, #764, .T. ) ;
#1222 = EDGE_LOOP ( 'NONE', ( #1810, #42, #300, #1214 ) ) ;
#1223 = LINE ( 'NONE', #1760, #1439 ) ;
#1224 = CARTESIAN_POINT ( 'NONE',  ( -0.8000000000000002665, 0.6869192627366166315, -0.2500000000000004441 ) ) ;
#1225 = ORIENTED_EDGE ( 'NONE', *, *, #1130, .F. ) ;
#1226 = ORIENTED_EDGE ( 'NONE', *, *, #1607, .T. ) ;
#1227 = CARTESIAN_POINT ( 'NONE',  ( 1.060000000000000275, 0.05999999999999999778, 0.7499999999999997780 ) ) ;
#1228 = CIRCLE ( 'NONE', #1459, 0.1000000000000000472 ) ;
#1229 = CARTESIAN_POINT ( 'NONE',  ( 1.060000000000000275, 0.05999999999999999778, -0.7499999999999997780 ) ) ;
#1230 = ORIENTED_EDGE ( 'NONE', *, *, #1802, .T. ) ;
#1231 = CARTESIAN_POINT ( 'NONE',  ( 0.9600000000000001865, 0.1600000000000000033, 1.149999999999999689 ) ) ;
#1232 = APPROVAL ( #690, 'UNSPECIFIED' ) ;
#1233 = CARTESIAN_POINT ( 'NONE',  ( -1.400000000000000133, -0.1000000000000000749, 1.149999999999999689 ) ) ;
#1234 = VECTOR ( 'NONE', #1517, 1000.000000000000000 ) ;
#1235 = ORIENTED_EDGE ( 'NONE', *, *, #1321, .T. ) ;
#1236 = EDGE_CURVE ( 'NONE', #1436, #801, #1716, .T. ) ;
#1237 = ORIENTED_EDGE ( 'NONE', *, *, #632, .T. ) ;
#1238 = CARTESIAN_POINT ( 'NONE',  ( 0.9600000000000001865, 0.5869192627366166537, 0.7499999999999997780 ) ) ;
#1239 = ORIENTED_EDGE ( 'NONE', *, *, #949, .T. ) ;
#1240 = CARTESIAN_POINT ( 'NONE',  ( 0.8600000000000000977, 0.5869192627366166537, 0.7499999999999997780 ) ) ;
#1241 = LINE ( 'NONE', #119, #264 ) ;
#1242 = VERTEX_POINT ( 'NONE', #1586 ) ;
#1243 = EDGE_CURVE ( 'NONE', #957, #1558, #864, .T. ) ;
#1244 = ORIENTED_EDGE ( 'NONE', *, *, #1620, .F. ) ;
#1245 = LINE ( 'NONE', #104, #411 ) ;
#1246 = CALENDAR_DATE ( 2022, 28, 11 ) ;
#1247 = VECTOR ( 'NONE', #1074, 1000.000000000000000 ) ;
#1248 = CARTESIAN_POINT ( 'NONE',  ( 0.9600000000000001865, 0.1600000000000000033, -1.149999999999999689 ) ) ;
#1249 = CARTESIAN_POINT ( 'NONE',  ( -0.9000000000000001332, -1.355252715606880543E-17, -0.2500000000000003331 ) ) ;
#1250 = VERTEX_POINT ( 'NONE', #874 ) ;
#1251 = EDGE_LOOP ( 'NONE', ( #1797, #1388, #1069, #1732, #1195, #802, #1712, #953, #202 ) ) ;
#1252 = CARTESIAN_POINT ( 'NONE',  ( 1.400000000000000133, -0.1000000000000000749, -0.7499999999999997780 ) ) ;
#1253 = EDGE_CURVE ( 'NONE', #401, #1452, #456, .T. ) ;
#1254 = CALENDAR_DATE ( 2022, 28, 11 ) ;
#1255 = ORIENTED_EDGE ( 'NONE', *, *, #373, .T. ) ;
#1256 = DIRECTION ( 'NONE',  ( 0.000000000000000000, 0.000000000000000000, 1.000000000000000000 ) ) ;
#1257 = PLANE ( 'NONE',  #565 ) ;
#1258 = VERTEX_POINT ( 'NONE', #326 ) ;
#1259 = CARTESIAN_POINT ( 'NONE',  ( -0.9600000000000001865, 0.5869192627366166537, 0.7499999999999997780 ) ) ;
#1260 = AXIS2_PLACEMENT_3D ( 'NONE', #1457, #760, #1181 ) ;
#1261 = ORIENTED_EDGE ( 'NONE', *, *, #1631, .F. ) ;
#1262 = VECTOR ( 'NONE', #173, 1000.000000000000000 ) ;
#1263 = EDGE_CURVE ( 'NONE', #1076, #767, #193, .T. ) ;
#1264 = FACE_OUTER_BOUND ( 'NONE', #922, .T. ) ;
#1265 = EDGE_CURVE ( 'NONE', #1524, #970, #59, .T. ) ;
#1266 = ORIENTED_EDGE ( 'NONE', *, *, #1651, .F. ) ;
#1267 = CARTESIAN_POINT ( 'NONE',  ( -0.9000000000000001332, -1.355252715606880543E-17, -1.149999999999999689 ) ) ;
#1268 = FACE_OUTER_BOUND ( 'NONE', #442, .T. ) ;
#1269 = ORIENTED_EDGE ( 'NONE', *, *, #781, .T. ) ;
#1270 = CARTESIAN_POINT ( 'NONE',  ( 1.060000000000000275, 0.1600000000000000033, -1.149999999999999689 ) ) ;
#1271 = VERTEX_POINT ( 'NONE', #747 ) ;
#1272 = LINE ( 'NONE', #1701, #12 ) ;
#1273 = ORIENTED_EDGE ( 'NONE', *, *, #1018, .F. ) ;
#1274 = FACE_OUTER_BOUND ( 'NONE', #1474, .T. ) ;
#1275 = FACE_OUTER_BOUND ( 'NONE', #1512, .T. ) ;
#1276 = AXIS2_PLACEMENT_3D ( 'NONE', #317, #333, #1157 ) ;
#1277 = EDGE_CURVE ( 'NONE', #516, #236, #901, .T. ) ;
#1278 = VERTEX_POINT ( 'NONE', #305 ) ;
#1279 = CARTESIAN_POINT ( 'NONE',  ( 0.8000000000000000444, 0.6869192627366166315, 0.7500000000000000000 ) ) ;
#1280 = AXIS2_PLACEMENT_3D ( 'NONE', #436, #103, #941 ) ;
#1281 = EDGE_CURVE ( 'NONE', #1801, #1094, #1426, .T. ) ;
#1282 = ORIENTED_EDGE ( 'NONE', *, *, #1368, .T. ) ;
#1283 = DIRECTION ( 'NONE',  ( -0.000000000000000000, -0.000000000000000000, 1.000000000000000000 ) ) ;
#1284 = EDGE_LOOP ( 'NONE', ( #1561, #775, #965, #717 ) ) ;
#1285 = CARTESIAN_POINT ( 'NONE',  ( -0.8000000000000001554, 0.6869192627366166315, -0.2500000000000003331 ) ) ;
#1286 = DIRECTION ( 'NONE',  ( 0.000000000000000000, 0.000000000000000000, -1.000000000000000000 ) ) ;
#1287 = ORIENTED_EDGE ( 'NONE', *, *, #930, .F. ) ;
#1288 = DIRECTION ( 'NONE',  ( 1.000000000000000000, 0.000000000000000000, -0.000000000000000000 ) ) ;
#1289 = EDGE_CURVE ( 'NONE', #726, #457, #1576, .T. ) ;
#1290 = ORIENTED_EDGE ( 'NONE', *, *, #1424, .T. ) ;
#1291 = VECTOR ( 'NONE', #743, 1000.000000000000000 ) ;
#1292 = LINE ( 'NONE', #188, #523 ) ;
#1293 = AXIS2_PLACEMENT_3D ( 'NONE', #1192, #1632, #1749 ) ;
#1294 = DIRECTION ( 'NONE',  ( -1.000000000000000000, -2.391622439306259897E-16, 0.000000000000000000 ) ) ;
#1295 = CARTESIAN_POINT ( 'NONE',  ( -0.8000000000000001554, 0.6869192627366166315, 0.7499999999999997780 ) ) ;
#1296 = ORIENTED_EDGE ( 'NONE', *, *, #106, .T. ) ;
#1297 = CARTESIAN_POINT ( 'NONE',  ( 1.400000000000000133, 0.05999999999999994227, 0.7499999999999997780 ) ) ;
#1298 = VERTEX_POINT ( 'NONE', #35 ) ;
#1299 = EDGE_CURVE ( 'NONE', #516, #16, #1036, .T. ) ;
#1300 = CARTESIAN_POINT ( 'NONE',  ( 0.7999999999999997113, 0.000000000000000000, -1.450000000000000178 ) ) ;
#1301 = CARTESIAN_POINT ( 'NONE',  ( 0.8600000000000000977, 0.6869192627366166315, 0.7499999999999997780 ) ) ;
#1302 = LINE ( 'NONE', #1155, #319 ) ;
#1303 = ORIENTED_EDGE ( 'NONE', *, *, #286, .F. ) ;
#1304 = CARTESIAN_POINT ( 'NONE',  ( -0.8600000000000000977, 0.5869192627366166537, -0.2500000000000003331 ) ) ;
#1305 = VERTEX_POINT ( 'NONE', #673 ) ;
#1306 = VECTOR ( 'NONE', #856, 1000.000000000000000 ) ;
#1307 = LINE ( 'NONE', #517, #956 ) ;
#1308 = EDGE_CURVE ( 'NONE', #1680, #1752, #1498, .T. ) ;
#1309 = EDGE_CURVE ( 'NONE', #1803, #1084, #68, .T. ) ;
#1310 = CARTESIAN_POINT ( 'NONE',  ( 0.9000000000000001332, -1.355252715606880543E-17, 1.149999999999999689 ) ) ;
#1311 = LINE ( 'NONE', #736, #794 ) ;
#1312 = EDGE_LOOP ( 'NONE', ( #577, #1791, #432, #1324 ) ) ;
#1313 = CARTESIAN_POINT ( 'NONE',  ( -0.8600000000000000977, 0.5869192627366166537, 0.1499999999999996891 ) ) ;
#1314 = EDGE_LOOP ( 'NONE', ( #709, #1239, #1039, #1492 ) ) ;
#1315 = ORIENTED_EDGE ( 'NONE', *, *, #905, .T. ) ;
#1316 = DIRECTION ( 'NONE',  ( -0.000000000000000000, -1.000000000000000000, -0.000000000000000000 ) ) ;
#1317 = AXIS2_PLACEMENT_3D ( 'NONE', #1566, #302, #735 ) ;
#1318 = CARTESIAN_POINT ( 'NONE',  ( 0.9600000000000001865, 0.1600000000000000033, 0.7499999999999997780 ) ) ;
#1319 = DIRECTION ( 'NONE',  ( 1.000000000000000000, 0.000000000000000000, 0.000000000000000000 ) ) ;
#1320 = CIRCLE ( 'NONE', #149, 0.1000000000000000472 ) ;
#1321 = EDGE_CURVE ( 'NONE', #811, #70, #1772, .T. ) ;
#1322 = DIRECTION ( 'NONE',  ( -1.000000000000000000, 0.000000000000000000, 0.000000000000000000 ) ) ;
#1323 = DIRECTION ( 'NONE',  ( 0.000000000000000000, 1.000000000000000000, -0.000000000000000000 ) ) ;
#1324 = ORIENTED_EDGE ( 'NONE', *, *, #6, .T. ) ;
#1325 = ORIENTED_EDGE ( 'NONE', *, *, #38, .T. ) ;
#1326 = CARTESIAN_POINT ( 'NONE',  ( 0.9600000000000001865, 0.6869192627366166315, -1.149999999999999689 ) ) ;
#1327 = DIRECTION ( 'NONE',  ( 0.000000000000000000, 0.000000000000000000, -1.000000000000000000 ) ) ;
#1328 = CARTESIAN_POINT ( 'NONE',  ( 0.8000000000000001554, 0.6869192627366166315, 0.7499999999999997780 ) ) ;
#1329 = DIRECTION ( 'NONE',  ( 2.391622439306259897E-16, -1.000000000000000000, 0.000000000000000000 ) ) ;
#1330 = EDGE_CURVE ( 'NONE', #1179, #1134, #458, .T. ) ;
#1331 = CARTESIAN_POINT ( 'NONE',  ( -0.8000000000000001554, 0.6869192627366166315, -0.7499999999999997780 ) ) ;
#1332 = ORIENTED_EDGE ( 'NONE', *, *, #653, .F. ) ;
#1333 = ADVANCED_FACE ( 'NONE', ( #1204 ), #945, .F. ) ;
#1334 = VECTOR ( 'NONE', #201, 1000.000000000000000 ) ;
#1335 = ORIENTED_EDGE ( 'NONE', *, *, #218, .F. ) ;
#1336 = DIRECTION ( 'NONE',  ( 0.000000000000000000, 0.000000000000000000, 1.000000000000000000 ) ) ;
#1337 = VECTOR ( 'NONE', #1336, 1000.000000000000000 ) ;
#1338 = CARTESIAN_POINT ( 'NONE',  ( -0.8000000000000001554, 0.6869192627366166315, 0.7499999999999997780 ) ) ;
#1339 = DIRECTION ( 'NONE',  ( 1.000000000000000000, 0.000000000000000000, 0.000000000000000000 ) ) ;
#1340 = DIRECTION ( 'NONE',  ( -1.000000000000000000, 0.000000000000000000, 0.000000000000000000 ) ) ;
#1341 = CARTESIAN_POINT ( 'NONE',  ( 1.400000000000000133, -0.1000000000000000749, 0.7499999999999997780 ) ) ;
#1342 = VECTOR ( 'NONE', #183, 1000.000000000000000 ) ;
#1343 = ORIENTED_EDGE ( 'NONE', *, *, #1720, .F. ) ;
#1344 = ADVANCED_FACE ( 'NONE', ( #808 ), #1213, .F. ) ;
#1345 = ORIENTED_EDGE ( 'NONE', *, *, #1095, .F. ) ;
#1346 = CARTESIAN_POINT ( 'NONE',  ( -0.8600000000000000977, 0.6869192627366166315, -0.2500000000000003331 ) ) ;
#1347 = PRODUCT_DEFINITION_FORMATION_WITH_SPECIFIED_SOURCE ( 'ANY', '', #1041, .NOT_KNOWN. ) ;
#1348 = CARTESIAN_POINT ( 'NONE',  ( -0.9000000000000001332, -1.355252715606880543E-17, -1.149999999999999689 ) ) ;
#1349 = CARTESIAN_POINT ( 'NONE',  ( -0.9600000000000001865, 0.5869192627366166537, -0.7499999999999997780 ) ) ;
#1350 = VECTOR ( 'NONE', #1327, 1000.000000000000000 ) ;
#1351 = LINE ( 'NONE', #1510, #850 ) ;
#1352 = CARTESIAN_POINT ( 'NONE',  ( -1.060000000000000275, 0.05999999999999999778, -0.7499999999999997780 ) ) ;
#1353 = VECTOR ( 'NONE', #772, 1000.000000000000000 ) ;
#1354 = VERTEX_POINT ( 'NONE', #522 ) ;
#1355 = ORIENTED_EDGE ( 'NONE', *, *, #951, .T. ) ;
#1356 = CARTESIAN_POINT ( 'NONE',  ( 0.8000000000000001554, 0.000000000000000000, 1.149999999999999689 ) ) ;
#1357 = EDGE_CURVE ( 'NONE', #21, #1482, #1193, .T. ) ;
#1358 = LINE ( 'NONE', #654, #848 ) ;
#1359 = DIRECTION ( 'NONE',  ( -0.000000000000000000, -1.000000000000000000, -0.000000000000000000 ) ) ;
#1360 = DIRECTION ( 'NONE',  ( 1.000000000000000000, 1.355252715606882022E-16, -0.000000000000000000 ) ) ;
#1361 = DIRECTION ( 'NONE',  ( 0.000000000000000000, 0.000000000000000000, -1.000000000000000000 ) ) ;
#1362 = ORIENTED_EDGE ( 'NONE', *, *, #510, .T. ) ;
#1363 = ORIENTED_EDGE ( 'NONE', *, *, #1236, .T. ) ;
#1364 = DIRECTION ( 'NONE',  ( 0.000000000000000000, 0.000000000000000000, 1.000000000000000000 ) ) ;
#1365 = VECTOR ( 'NONE', #227, 1000.000000000000000 ) ;
#1366 = LINE ( 'NONE', #1656, #259 ) ;
#1367 = AXIS2_PLACEMENT_3D ( 'NONE', #1476, #196, #346 ) ;
#1368 = EDGE_CURVE ( 'NONE', #642, #688, #1640, .T. ) ;
#1369 = DIRECTION ( 'NONE',  ( 0.000000000000000000, 0.000000000000000000, -1.000000000000000000 ) ) ;
#1370 = CARTESIAN_POINT ( 'NONE',  ( 1.060000000000000275, 0.06000000000000001860, 0.7499999999999997780 ) ) ;
#1371 = ORIENTED_EDGE ( 'NONE', *, *, #553, .F. ) ;
#1372 = VERTEX_POINT ( 'NONE', #1341 ) ;
#1373 = DIRECTION ( 'NONE',  ( -1.000000000000000000, 0.000000000000000000, 0.000000000000000000 ) ) ;
#1374 = LINE ( 'NONE', #1813, #1560 ) ;
#1375 = COORDINATED_UNIVERSAL_TIME_OFFSET ( 5, 0, .AHEAD. ) ;
#1376 = DIRECTION ( 'NONE',  ( 0.000000000000000000, -0.000000000000000000, 1.000000000000000000 ) ) ;
#1377 = LINE ( 'NONE', #547, #1057 ) ;
#1378 = EDGE_CURVE ( 'NONE', #1803, #1132, #530, .T. ) ;
#1379 = AXIS2_PLACEMENT_3D ( 'NONE', #861, #1713, #322 ) ;
#1380 = VERTEX_POINT ( 'NONE', #789 ) ;
#1381 = VECTOR ( 'NONE', #414, 1000.000000000000000 ) ;
#1382 = EDGE_LOOP ( 'NONE', ( #1413, #127, #1296, #169 ) ) ;
#1383 = CARTESIAN_POINT ( 'NONE',  ( -0.9600000000000001865, 0.1600000000000000033, -0.2500000000000003331 ) ) ;
#1384 = DATE_AND_TIME ( #1254, #1494 ) ;
#1385 = DIRECTION ( 'NONE',  ( 1.000000000000000000, 0.000000000000000000, 0.000000000000000000 ) ) ;
#1386 = CARTESIAN_POINT ( 'NONE',  ( 1.400000000000000133, 0.05999999999999994227, 1.149999999999999689 ) ) ;
#1387 = EDGE_CURVE ( 'NONE', #1119, #401, #1649, .T. ) ;
#1388 = ORIENTED_EDGE ( 'NONE', *, *, #720, .T. ) ;
#1389 = EDGE_CURVE ( 'NONE', #92, #1242, #90, .T. ) ;
#1390 = ORIENTED_EDGE ( 'NONE', *, *, #1718, .F. ) ;
#1391 = CARTESIAN_POINT ( 'NONE',  ( -0.9000000000000006883, -0.1000000000000000056, -0.7499999999999997780 ) ) ;
#1392 = CALENDAR_DATE ( 2022, 28, 11 ) ;
#1393 = VECTOR ( 'NONE', #634, 1000.000000000000000 ) ;
#1394 = DIRECTION ( 'NONE',  ( 0.000000000000000000, 0.000000000000000000, 1.000000000000000000 ) ) ;
#1395 = DIRECTION ( 'NONE',  ( 0.000000000000000000, -1.000000000000000000, -0.000000000000000000 ) ) ;
#1396 = ORIENTED_EDGE ( 'NONE', *, *, #730, .T. ) ;
#1397 = VERTEX_POINT ( 'NONE', #381 ) ;
#1398 = ADVANCED_FACE ( 'NONE', ( #235 ), #98, .T. ) ;
#1399 = PERSON ( 'UNSPECIFIED', 'UNSPECIFIED', 'UNSPECIFIED', ('UNSPECIFIED'), ('UNSPECIFIED'), ('UNSPECIFIED') ) ;
#1400 = DIRECTION ( 'NONE',  ( 0.000000000000000000, 0.000000000000000000, 1.000000000000000000 ) ) ;
#1401 = ORIENTED_EDGE ( 'NONE', *, *, #1778, .T. ) ;
#1402 = LINE ( 'NONE', #1125, #1710 ) ;
#1403 = DIRECTION ( 'NONE',  ( -1.000000000000000000, -2.391622439306259897E-16, -0.000000000000000000 ) ) ;
#1404 = AXIS2_PLACEMENT_3D ( 'NONE', #798, #388, #943 ) ;
#1405 = EDGE_LOOP ( 'NONE', ( #844, #1432, #1513, #1031 ) ) ;
#1406 = CARTESIAN_POINT ( 'NONE',  ( -0.9000000000000001332, -1.355252715606880543E-17, -0.2500000000000003331 ) ) ;
#1407 = AXIS2_PLACEMENT_3D ( 'NONE', #1310, #593, #1574 ) ;
#1408 = VERTEX_POINT ( 'NONE', #1082 ) ;
#1409 = AXIS2_PLACEMENT_3D ( 'NONE', #513, #350, #58 ) ;
#1410 = VECTOR ( 'NONE', #780, 1000.000000000000000 ) ;
#1411 = EDGE_CURVE ( 'NONE', #16, #782, #1480, .T. ) ;
#1412 = DIRECTION ( 'NONE',  ( -1.000000000000000000, 0.000000000000000000, 0.000000000000000000 ) ) ;
#1413 = ORIENTED_EDGE ( 'NONE', *, *, #1812, .F. ) ;
#1414 = LINE ( 'NONE', #155, #708 ) ;
#1415 = LINE ( 'NONE', #1099, #1534 ) ;
#1416 = ORIENTED_EDGE ( 'NONE', *, *, #1114, .F. ) ;
#1417 = LINE ( 'NONE', #1551, #429 ) ;
#1418 = VERTEX_POINT ( 'NONE', #1224 ) ;
#1419 = DIRECTION ( 'NONE',  ( 0.000000000000000000, 0.000000000000000000, -1.000000000000000000 ) ) ;
#1420 = VERTEX_POINT ( 'NONE', #1233 ) ;
#1421 = DIRECTION ( 'NONE',  ( 0.000000000000000000, 1.000000000000000000, 0.000000000000000000 ) ) ;
#1422 = CARTESIAN_POINT ( 'NONE',  ( 0.9600000000000001865, 0.6869192627366166315, -0.7499999999999997780 ) ) ;
#1423 = CIRCLE ( 'NONE', #1276, 0.1000000000000000472 ) ;
#1424 = EDGE_CURVE ( 'NONE', #975, #255, #1789, .T. ) ;
#1425 = FACE_OUTER_BOUND ( 'NONE', #280, .T. ) ;
#1426 = LINE ( 'NONE', #731, #548 ) ;
#1427 = AXIS2_PLACEMENT_3D ( 'NONE', #63, #904, #478 ) ;
#1428 = ORIENTED_EDGE ( 'NONE', *, *, #1663, .T. ) ;
#1429 = CARTESIAN_POINT ( 'NONE',  ( 1.060000000000000275, 0.05999999999999999778, 0.7499999999999997780 ) ) ;
#1430 = DIRECTION ( 'NONE',  ( 0.000000000000000000, -1.000000000000000000, 0.000000000000000000 ) ) ;
#1431 = DIRECTION ( 'NONE',  ( -1.578354591726186430E-16, 1.000000000000000000, 0.000000000000000000 ) ) ;
#1432 = ORIENTED_EDGE ( 'NONE', *, *, #1389, .F. ) ;
#1433 = EDGE_CURVE ( 'NONE', #1094, #1420, #539, .T. ) ;
#1434 = DIRECTION ( 'NONE',  ( 1.000000000000000000, 0.000000000000000000, 0.000000000000000000 ) ) ;
#1435 = CC_DESIGN_APPROVAL ( #1584, ( #1347 ) ) ;
#1436 = VERTEX_POINT ( 'NONE', #1625 ) ;
#1437 = VECTOR ( 'NONE', #1079, 1000.000000000000000 ) ;
#1438 = CARTESIAN_POINT ( 'NONE',  ( -1.400000000000000133, 0.05999999999999994227, -0.2500000000000003331 ) ) ;
#1439 = VECTOR ( 'NONE', #1788, 1000.000000000000000 ) ;
#1440 = DIRECTION ( 'NONE',  ( -1.000000000000000000, 0.000000000000000000, 0.000000000000000000 ) ) ;
#1441 = CARTESIAN_POINT ( 'NONE',  ( 0.8000000000000001554, 0.6869192627366166315, 1.149999999999999689 ) ) ;
#1442 = ORIENTED_EDGE ( 'NONE', *, *, #894, .F. ) ;
#1443 = CARTESIAN_POINT ( 'NONE',  ( -1.400000000000000133, -0.1000000000000000749, -0.2500000000000003331 ) ) ;
#1444 = ORIENTED_EDGE ( 'NONE', *, *, #237, .T. ) ;
#1445 = EDGE_CURVE ( 'NONE', #1278, #318, #363, .T. ) ;
#1446 = LINE ( 'NONE', #1554, #1291 ) ;
#1447 = CARTESIAN_POINT ( 'NONE',  ( -0.8000000000000001554, 0.6869192627366166315, -0.7499999999999997780 ) ) ;
#1448 = CARTESIAN_POINT ( 'NONE',  ( -1.060000000000000275, 0.1600000000000000033, -1.149999999999999689 ) ) ;
#1449 = EDGE_LOOP ( 'NONE', ( #1502, #285, #1744, #1444 ) ) ;
#1450 = VECTOR ( 'NONE', #597, 1000.000000000000000 ) ;
#1451 = CARTESIAN_POINT ( 'NONE',  ( -0.8600000000000000977, 0.6869192627366166315, -0.7499999999999997780 ) ) ;
#1452 = VERTEX_POINT ( 'NONE', #1386 ) ;
#1453 = AXIS2_PLACEMENT_3D ( 'NONE', #1406, #1138, #394 ) ;
#1454 = ORIENTED_EDGE ( 'NONE', *, *, #859, .F. ) ;
#1455 = CARTESIAN_POINT ( 'NONE',  ( 0.8000000000000001554, 0.6869192627366166315, -1.149999999999999689 ) ) ;
#1456 = ADVANCED_FACE ( 'NONE', ( #693 ), #1677, .T. ) ;
#1457 = CARTESIAN_POINT ( 'NONE',  ( -0.9000000000000001332, -1.355252715606880543E-17, -0.2500000000000003331 ) ) ;
#1458 = CARTESIAN_POINT ( 'NONE',  ( -0.8000000000000001554, 1.100000000000000089, 1.449999999999999734 ) ) ;
#1459 = AXIS2_PLACEMENT_3D ( 'NONE', #242, #360, #1339 ) ;
#1460 = ORIENTED_EDGE ( 'NONE', *, *, #1008, .F. ) ;
#1461 = CARTESIAN_POINT ( 'NONE',  ( -0.9000000000000006883, -0.1000000000000000056, -0.7499999999999997780 ) ) ;
#1462 = VERTEX_POINT ( 'NONE', #1824 ) ;
#1463 = ORIENTED_EDGE ( 'NONE', *, *, #474, .T. ) ;
#1464 = DIRECTION ( 'NONE',  ( 1.000000000000000000, 0.000000000000000000, 0.000000000000000000 ) ) ;
#1465 = AXIS2_PLACEMENT_3D ( 'NONE', #348, #1191, #359 ) ;
#1466 = ADVANCED_FACE ( 'NONE', ( #1685 ), #1696, .F. ) ;
#1467 = AXIS2_PLACEMENT_3D ( 'NONE', #492, #1045, #1612 ) ;
#1468 = CARTESIAN_POINT ( 'NONE',  ( 0.8000000000000001554, 0.000000000000000000, 1.449999999999999734 ) ) ;
#1469 = DIRECTION ( 'NONE',  ( 1.000000000000000000, 0.000000000000000000, 0.000000000000000000 ) ) ;
#1470 = AXIS2_PLACEMENT_3D ( 'NONE', #989, #842, #271 ) ;
#1471 = EDGE_CURVE ( 'NONE', #1787, #839, #434, .T. ) ;
#1472 = CARTESIAN_POINT ( 'NONE',  ( -0.9600000000000001865, 0.5869192627366166537, 0.7499999999999997780 ) ) ;
#1473 = DIRECTION ( 'NONE',  ( 0.000000000000000000, 0.000000000000000000, -1.000000000000000000 ) ) ;
#1474 = EDGE_LOOP ( 'NONE', ( #658, #344, #613, #1678 ) ) ;
#1475 = ORIENTED_EDGE ( 'NONE', *, *, #1104, .T. ) ;
#1476 = CARTESIAN_POINT ( 'NONE',  ( 1.060000000000000275, 0.1600000000000000033, 1.149999999999999689 ) ) ;
#1477 = DIRECTION ( 'NONE',  ( 0.000000000000000000, 0.000000000000000000, 1.000000000000000000 ) ) ;
#1478 = CARTESIAN_POINT ( 'NONE',  ( -0.8000000000000003775, 0.000000000000000000, -1.450000000000000178 ) ) ;
#1479 = CARTESIAN_POINT ( 'NONE',  ( -1.400000000000000133, -0.1000000000000000749, 0.7499999999999997780 ) ) ;
#1480 = LINE ( 'NONE', #666, #1174 ) ;
#1481 = EDGE_CURVE ( 'NONE', #1462, #19, #265, .T. ) ;
#1482 = VERTEX_POINT ( 'NONE', #272 ) ;
#1483 = ORIENTED_EDGE ( 'NONE', *, *, #1075, .T. ) ;
#1484 = LINE ( 'NONE', #46, #311 ) ;
#1485 = DIRECTION ( 'NONE',  ( 1.000000000000000000, -2.391622439306259897E-16, 0.000000000000000000 ) ) ;
#1486 =( NAMED_UNIT ( * ) SI_UNIT ( $, .STERADIAN. ) SOLID_ANGLE_UNIT ( ) );
#1487 = CARTESIAN_POINT ( 'NONE',  ( -1.060000000000000275, 0.05999999999999999778, -0.7499999999999997780 ) ) ;
#1488 = DIRECTION ( 'NONE',  ( 1.000000000000000000, 0.000000000000000000, 0.000000000000000000 ) ) ;
#1489 = AXIS2_PLACEMENT_3D ( 'NONE', #745, #1164, #470 ) ;
#1490 = ADVANCED_FACE ( 'NONE', ( #854 ), #719, .T. ) ;
#1491 = EDGE_LOOP ( 'NONE', ( #876, #1315, #793, #135 ) ) ;
#1492 = ORIENTED_EDGE ( 'NONE', *, *, #1607, .F. ) ;
#1493 = LINE ( 'NONE', #82, #1635 ) ;
#1494 = LOCAL_TIME ( 22, 32, 44.00000000000000000, #825 ) ;
#1495 = DIRECTION ( 'NONE',  ( 1.000000000000000000, 0.000000000000000000, 0.000000000000000000 ) ) ;
#1496 = VECTOR ( 'NONE', #832, 1000.000000000000000 ) ;
#1497 = CARTESIAN_POINT ( 'NONE',  ( -1.060000000000000275, 0.1600000000000000033, -0.2500000000000003331 ) ) ;
#1498 = LINE ( 'NONE', #1331, #217 ) ;
#1499 = AXIS2_PLACEMENT_3D ( 'NONE', #50, #1715, #619 ) ;
#1500 = VECTOR ( 'NONE', #1431, 1000.000000000000000 ) ;
#1501 = AXIS2_PLACEMENT_3D ( 'NONE', #1684, #128, #136 ) ;
#1502 = ORIENTED_EDGE ( 'NONE', *, *, #275, .F. ) ;
#1503 = PRODUCT_RELATED_PRODUCT_CATEGORY ( 'detail', '', ( #1041 ) ) ;
#1504 = EDGE_LOOP ( 'NONE', ( #946, #1343, #262, #1206, #1068, #737, #1215, #936, #1287, #354, #246, #297, #1371, #993 ) ) ;
#1505 = DIRECTION ( 'NONE',  ( -1.000000000000000000, 0.000000000000000000, 0.000000000000000000 ) ) ;
#1506 = EDGE_CURVE ( 'NONE', #682, #721, #1241, .T. ) ;
#1507 = CARTESIAN_POINT ( 'NONE',  ( 0.9600000000000001865, 0.5869192627366166537, -1.149999999999999689 ) ) ;
#1508 = CARTESIAN_POINT ( 'NONE',  ( -0.8000000000000001554, 0.000000000000000000, 1.449999999999999734 ) ) ;
#1509 = ORIENTED_EDGE ( 'NONE', *, *, #315, .T. ) ;
#1510 = CARTESIAN_POINT ( 'NONE',  ( 0.8600000000000000977, 0.6869192627366166315, -0.7499999999999997780 ) ) ;
#1511 = DIRECTION ( 'NONE',  ( 0.000000000000000000, 0.000000000000000000, -1.000000000000000000 ) ) ;
#1512 = EDGE_LOOP ( 'NONE', ( #713, #540, #931, #485 ) ) ;
#1513 = ORIENTED_EDGE ( 'NONE', *, *, #1742, .F. ) ;
#1514 = DIRECTION ( 'NONE',  ( 0.000000000000000000, -0.000000000000000000, 1.000000000000000000 ) ) ;
#1515 = AXIS2_PLACEMENT_3D ( 'NONE', #472, #604, #1288 ) ;
#1516 = EDGE_CURVE ( 'NONE', #1764, #783, #15, .T. ) ;
#1517 = DIRECTION ( 'NONE',  ( 7.477256361968996479E-17, 0.000000000000000000, 1.000000000000000000 ) ) ;
#1518 = VECTOR ( 'NONE', #447, 1000.000000000000000 ) ;
#1519 = APPROVAL_STATUS ( 'not_yet_approved' ) ;
#1520 = ORIENTED_EDGE ( 'NONE', *, *, #1008, .T. ) ;
#1521 = LINE ( 'NONE', #404, #679 ) ;
#1522 = LINE ( 'NONE', #254, #180 ) ;
#1523 = ORIENTED_EDGE ( 'NONE', *, *, #449, .T. ) ;
#1524 = VERTEX_POINT ( 'NONE', #1540 ) ;
#1525 = CARTESIAN_POINT ( 'NONE',  ( 1.060000000000000275, 0.1600000000000000033, -0.7499999999999997780 ) ) ;
#1526 = DATE_AND_TIME ( #1392, #468 ) ;
#1527 = EDGE_CURVE ( 'NONE', #1801, #1101, #1557, .T. ) ;
#1528 = ADVANCED_FACE ( 'NONE', ( #1670 ), #1257, .F. ) ;
#1529 = CARTESIAN_POINT ( 'NONE',  ( 0.7999999999999998224, 0.6869192627366166315, -0.7499999999999997780 ) ) ;
#1530 = CARTESIAN_POINT ( 'NONE',  ( 0.9000000000000001332, -1.355252715606880543E-17, 0.7499999999999997780 ) ) ;
#1531 = VECTOR ( 'NONE', #1440, 1000.000000000000000 ) ;
#1532 = ADVANCED_FACE ( 'NONE', ( #1275 ), #1108, .F. ) ;
#1533 = ORIENTED_EDGE ( 'NONE', *, *, #47, .T. ) ;
#1534 = VECTOR ( 'NONE', #405, 1000.000000000000000 ) ;
#1535 = ORIENTED_EDGE ( 'NONE', *, *, #742, .F. ) ;
#1536 = DIRECTION ( 'NONE',  ( -1.000000000000000000, 0.000000000000000000, 0.000000000000000000 ) ) ;
#1537 = APPROVAL_ROLE ( '' ) ;
#1538 = ORIENTED_EDGE ( 'NONE', *, *, #532, .F. ) ;
#1539 = PLANE ( 'NONE',  #1501 ) ;
#1540 = CARTESIAN_POINT ( 'NONE',  ( -0.8000000000000000444, -1.355252715606880543E-17, 1.149999999999999689 ) ) ;
#1541 = ORIENTED_EDGE ( 'NONE', *, *, #413, .T. ) ;
#1542 = EDGE_CURVE ( 'NONE', #1179, #318, #1377, .T. ) ;
#1543 = ORIENTED_EDGE ( 'NONE', *, *, #759, .F. ) ;
#1544 = LINE ( 'NONE', #1681, #1053 ) ;
#1545 = AXIS2_PLACEMENT_3D ( 'NONE', #1563, #1591, #329 ) ;
#1546 = ORIENTED_EDGE ( 'NONE', *, *, #1481, .T. ) ;
#1547 = DIRECTION ( 'NONE',  ( 0.000000000000000000, 0.000000000000000000, 1.000000000000000000 ) ) ;
#1548 = CARTESIAN_POINT ( 'NONE',  ( -1.060000000000000275, 0.06000000000000001860, -0.2500000000000003331 ) ) ;
#1549 = EDGE_CURVE ( 'NONE', #1420, #1298, #1415, .T. ) ;
#1550 = ORIENTED_EDGE ( 'NONE', *, *, #336, .F. ) ;
#1551 = CARTESIAN_POINT ( 'NONE',  ( 0.9000000000000006883, -0.1000000000000000056, -0.7499999999999997780 ) ) ;
#1552 = EDGE_CURVE ( 'NONE', #92, #21, #282, .T. ) ;
#1553 = VERTEX_POINT ( 'NONE', #156 ) ;
#1554 = CARTESIAN_POINT ( 'NONE',  ( -0.8000000000000001554, 0.6869192627366166315, -0.2500000000000003331 ) ) ;
#1555 = VERTEX_POINT ( 'NONE', #1092 ) ;
#1556 = DIRECTION ( 'NONE',  ( 1.000000000000000000, 0.000000000000000000, 0.000000000000000000 ) ) ;
#1557 = LINE ( 'NONE', #990, #88 ) ;
#1558 = VERTEX_POINT ( 'NONE', #964 ) ;
#1559 = CYLINDRICAL_SURFACE ( 'NONE', #724, 0.09999999999999993616 ) ;
#1560 = VECTOR ( 'NONE', #250, 1000.000000000000000 ) ;
#1561 = ORIENTED_EDGE ( 'NONE', *, *, #1433, .F. ) ;
#1562 = CC_DESIGN_PERSON_AND_ORGANIZATION_ASSIGNMENT ( #977, #1106, ( #1347 ) ) ;
#1563 = CARTESIAN_POINT ( 'NONE',  ( -0.9600000000000001865, 0.6869192627366166315, -0.7499999999999997780 ) ) ;
#1564 = EDGE_CURVE ( 'NONE', #682, #902, #1522, .T. ) ;
#1565 = ORIENTED_EDGE ( 'NONE', *, *, #301, .F. ) ;
#1566 = CARTESIAN_POINT ( 'NONE',  ( -0.8600000000000000977, 0.5869192627366166537, -1.149999999999999689 ) ) ;
#1567 = CARTESIAN_POINT ( 'NONE',  ( -1.400000000000000133, -0.1000000000000000749, 0.1499999999999996891 ) ) ;
#1568 = CARTESIAN_POINT ( 'NONE',  ( 0.9000000000000006883, -0.1000000000000000056, 1.149999999999999689 ) ) ;
#1569 = DIRECTION ( 'NONE',  ( 7.477256361968996479E-17, 0.000000000000000000, 1.000000000000000000 ) ) ;
#1570 = ORIENTED_EDGE ( 'NONE', *, *, #1065, .F. ) ;
#1571 = CYLINDRICAL_SURFACE ( 'NONE', #161, 0.1000000000000000472 ) ;
#1572 = ADVANCED_FACE ( 'NONE', ( #1268 ), #5, .T. ) ;
#1573 = ORIENTED_EDGE ( 'NONE', *, *, #572, .T. ) ;
#1574 = DIRECTION ( 'NONE',  ( -1.000000000000000000, 0.000000000000000000, 0.000000000000000000 ) ) ;
#1575 = LINE ( 'NONE', #96, #406 ) ;
#1576 = CIRCLE ( 'NONE', #1811, 0.1000000000000000472 ) ;
#1577 = EDGE_LOOP ( 'NONE', ( #914, #821, #1774, #122 ) ) ;
#1578 = PLANE ( 'NONE',  #1515 ) ;
#1579 = VERTEX_POINT ( 'NONE', #314 ) ;
#1580 = PLANE ( 'NONE',  #113 ) ;
#1581 = AXIS2_PLACEMENT_3D ( 'NONE', #1171, #862, #1034 ) ;
#1582 = LINE ( 'NONE', #1447, #681 ) ;
#1583 = DIRECTION ( 'NONE',  ( 1.000000000000000000, 0.000000000000000000, 0.000000000000000000 ) ) ;
#1584 = APPROVAL ( #1519, 'UNSPECIFIED' ) ;
#1585 = CARTESIAN_POINT ( 'NONE',  ( 0.8000000000000000444, -1.355252715606880543E-17, -1.149999999999999689 ) ) ;
#1586 = CARTESIAN_POINT ( 'NONE',  ( -1.060000000000000275, 0.05999999999999999778, -1.149999999999999689 ) ) ;
#1587 = EDGE_CURVE ( 'NONE', #642, #463, #1311, .T. ) ;
#1588 = VECTOR ( 'NONE', #917, 1000.000000000000000 ) ;
#1589 = ORIENTED_EDGE ( 'NONE', *, *, #1549, .F. ) ;
#1590 = AXIS2_PLACEMENT_3D ( 'NONE', #552, #1400, #1105 ) ;
#1591 = DIRECTION ( 'NONE',  ( 1.000000000000000000, 0.000000000000000000, 0.000000000000000000 ) ) ;
#1592 = CARTESIAN_POINT ( 'NONE',  ( 1.400000000000000133, 0.05999999999999994227, 0.7499999999999997780 ) ) ;
#1593 = LINE ( 'NONE', #1714, #873 ) ;
#1594 = ORIENTED_EDGE ( 'NONE', *, *, #1281, .T. ) ;
#1595 = LINE ( 'NONE', #493, #10 ) ;
#1596 = EDGE_CURVE ( 'NONE', #1605, #1555, #323, .T. ) ;
#1597 = EDGE_CURVE ( 'NONE', #563, #1680, #462, .T. ) ;
#1598 = ORIENTED_EDGE ( 'NONE', *, *, #483, .F. ) ;
#1599 = DIRECTION ( 'NONE',  ( 1.000000000000000000, 0.000000000000000000, 0.000000000000000000 ) ) ;
#1600 = CARTESIAN_POINT ( 'NONE',  ( 0.8000000000000001554, 0.6869192627366166315, -1.149999999999999689 ) ) ;
#1601 = CARTESIAN_POINT ( 'NONE',  ( 1.060000000000000275, 0.05999999999999999778, -0.7499999999999997780 ) ) ;
#1602 = ORIENTED_EDGE ( 'NONE', *, *, #1153, .F. ) ;
#1603 = VECTOR ( 'NONE', #502, 1000.000000000000000 ) ;
#1604 = DIRECTION ( 'NONE',  ( 1.000000000000000000, 0.000000000000000000, 0.000000000000000000 ) ) ;
#1605 = VERTEX_POINT ( 'NONE', #190 ) ;
#1606 = VECTOR ( 'NONE', #1655, 1000.000000000000000 ) ;
#1607 = EDGE_CURVE ( 'NONE', #1579, #836, #199, .T. ) ;
#1608 = VERTEX_POINT ( 'NONE', #1026 ) ;
#1609 = CYLINDRICAL_SURFACE ( 'NONE', #667, 0.1000000000000000472 ) ;
#1610 = ADVANCED_FACE ( 'NONE', ( #881 ), #303, .T. ) ;
#1611 = FACE_OUTER_BOUND ( 'NONE', #159, .T. ) ;
#1612 = DIRECTION ( 'NONE',  ( 1.495451272393799296E-16, 0.000000000000000000, 1.000000000000000000 ) ) ;
#1613 = CARTESIAN_POINT ( 'NONE',  ( -0.9000000000000006883, -0.1000000000000000056, -1.149999999999999689 ) ) ;
#1614 = ORIENTED_EDGE ( 'NONE', *, *, #562, .T. ) ;
#1615 = ORIENTED_EDGE ( 'NONE', *, *, #153, .F. ) ;
#1616 = CC_DESIGN_PERSON_AND_ORGANIZATION_ASSIGNMENT ( #114, #420, ( #1347 ) ) ;
#1617 = FACE_OUTER_BOUND ( 'NONE', #332, .T. ) ;
#1618 = AXIS2_PLACEMENT_3D ( 'NONE', #744, #1729, #1025 ) ;
#1619 = AXIS2_PLACEMENT_3D ( 'NONE', #907, #1748, #1469 ) ;
#1620 = EDGE_CURVE ( 'NONE', #1058, #54, #1593, .T. ) ;
#1621 = DIRECTION ( 'NONE',  ( 0.000000000000000000, -1.000000000000000000, 0.000000000000000000 ) ) ;
#1622 = CARTESIAN_POINT ( 'NONE',  ( -0.9000000000000006883, -0.1000000000000000056, 0.1499999999999996891 ) ) ;
#1623 = CARTESIAN_POINT ( 'NONE',  ( 0.7999999999999997113, 1.100000000000000089, -1.450000000000000178 ) ) ;
#1624 = VECTOR ( 'NONE', #1091, 1000.000000000000000 ) ;
#1625 = CARTESIAN_POINT ( 'NONE',  ( -0.9600000000000001865, 0.5869192627366166537, -0.2500000000000003331 ) ) ;
#1626 = VERTEX_POINT ( 'NONE', #602 ) ;
#1627 = ORIENTED_EDGE ( 'NONE', *, *, #451, .T. ) ;
#1628 = CARTESIAN_POINT ( 'NONE',  ( 0.9000000000000006883, -0.1000000000000000056, 0.7499999999999997780 ) ) ;
#1629 = LINE ( 'NONE', #906, #26 ) ;
#1630 = DIRECTION ( 'NONE',  ( 0.000000000000000000, -1.000000000000000000, 0.000000000000000000 ) ) ;
#1631 = EDGE_CURVE ( 'NONE', #54, #1258, #1302, .T. ) ;
#1632 = DIRECTION ( 'NONE',  ( -1.000000000000000000, 0.000000000000000000, 0.000000000000000000 ) ) ;
#1633 = CARTESIAN_POINT ( 'NONE',  ( 0.8000000000000001554, 0.6869192627366166315, 0.7499999999999997780 ) ) ;
#1634 = ORIENTED_EDGE ( 'NONE', *, *, #818, .F. ) ;
#1635 = VECTOR ( 'NONE', #497, 1000.000000000000000 ) ;
#1636 = ORIENTED_EDGE ( 'NONE', *, *, #1790, .T. ) ;
#1637 = LINE ( 'NONE', #896, #897 ) ;
#1638 = DIRECTION ( 'NONE',  ( 0.000000000000000000, 0.000000000000000000, -1.000000000000000000 ) ) ;
#1639 = DIRECTION ( 'NONE',  ( 1.000000000000000000, 2.391622439306259897E-16, 0.000000000000000000 ) ) ;
#1640 = LINE ( 'NONE', #1067, #1365 ) ;
#1641 = VERTEX_POINT ( 'NONE', #164 ) ;
#1642 = EDGE_CURVE ( 'NONE', #257, #767, #1722, .T. ) ;
#1643 = ORIENTED_EDGE ( 'NONE', *, *, #894, .T. ) ;
#1644 = DIRECTION ( 'NONE',  ( 1.000000000000000000, -2.391622439306259897E-16, 0.000000000000000000 ) ) ;
#1645 = APPROVAL_PERSON_ORGANIZATION ( #431, #1751, #126 ) ;
#1646 = DIRECTION ( 'NONE',  ( -1.000000000000000000, 0.000000000000000000, 0.000000000000000000 ) ) ;
#1647 = AXIS2_PLACEMENT_3D ( 'NONE', #1338, #786, #95 ) ;
#1648 = DIRECTION ( 'NONE',  ( 0.000000000000000000, 0.000000000000000000, 1.000000000000000000 ) ) ;
#1649 = LINE ( 'NONE', #1370, #1603 ) ;
#1650 = VECTOR ( 'NONE', #919, 1000.000000000000000 ) ;
#1651 = EDGE_CURVE ( 'NONE', #1084, #446, #610, .T. ) ;
#1652 = ORIENTED_EDGE ( 'NONE', *, *, #588, .F. ) ;
#1653 = EDGE_CURVE ( 'NONE', #981, #1278, #466, .T. ) ;
#1654 = ORIENTED_EDGE ( 'NONE', *, *, #759, .T. ) ;
#1655 = DIRECTION ( 'NONE',  ( 1.000000000000000000, 0.000000000000000000, 0.000000000000000000 ) ) ;
#1656 = CARTESIAN_POINT ( 'NONE',  ( 1.400000000000000133, -0.1000000000000000749, 0.7499999999999997780 ) ) ;
#1657 = PERSON_AND_ORGANIZATION ( #1399, #1674 ) ;
#1658 = LINE ( 'NONE', #710, #120 ) ;
#1659 = DIRECTION ( 'NONE',  ( 0.000000000000000000, -1.000000000000000000, 0.000000000000000000 ) ) ;
#1660 = ORIENTED_EDGE ( 'NONE', *, *, #1142, .T. ) ;
#1661 = ORIENTED_EDGE ( 'NONE', *, *, #1802, .F. ) ;
#1662 = VECTOR ( 'NONE', #630, 1000.000000000000000 ) ;
#1663 = EDGE_CURVE ( 'NONE', #525, #624, #1103, .T. ) ;
#1664 = EDGE_CURVE ( 'NONE', #44, #1242, #556, .T. ) ;
#1665 = CARTESIAN_POINT ( 'NONE',  ( 1.400000000000000133, 0.05999999999999994227, -0.7499999999999997780 ) ) ;
#1666 = ADVANCED_FACE ( 'NONE', ( #480 ), #49, .F. ) ;
#1667 = MECHANICAL_CONTEXT ( 'NONE', #1208, 'mechanical' ) ;
#1668 = ORIENTED_EDGE ( 'NONE', *, *, #939, .F. ) ;
#1669 = DIRECTION ( 'NONE',  ( 0.000000000000000000, 0.000000000000000000, 1.000000000000000000 ) ) ;
#1670 = FACE_OUTER_BOUND ( 'NONE', #940, .T. ) ;
#1671 = ORIENTED_EDGE ( 'NONE', *, *, #520, .T. ) ;
#1672 = ORIENTED_EDGE ( 'NONE', *, *, #275, .T. ) ;
#1673 = DIRECTION ( 'NONE',  ( 0.000000000000000000, 0.000000000000000000, -1.000000000000000000 ) ) ;
#1674 = ORGANIZATION ( 'UNSPECIFIED', 'UNSPECIFIED', '' ) ;
#1675 = EDGE_CURVE ( 'NONE', #631, #515, #1136, .T. ) ;
#1676 = CARTESIAN_POINT ( 'NONE',  ( -0.8000000000000003775, 1.100000000000000089, -1.450000000000000178 ) ) ;
#1677 = PLANE ( 'NONE',  #853 ) ;
#1678 = ORIENTED_EDGE ( 'NONE', *, *, #951, .F. ) ;
#1679 = AXIS2_PLACEMENT_3D ( 'NONE', #890, #746, #34 ) ;
#1680 = VERTEX_POINT ( 'NONE', #1010 ) ;
#1681 = CARTESIAN_POINT ( 'NONE',  ( -0.9600000000000001865, 0.6869192627366166315, 0.1499999999999996891 ) ) ;
#1682 = APPROVAL_STATUS ( 'not_yet_approved' ) ;
#1683 = ORIENTED_EDGE ( 'NONE', *, *, #653, .T. ) ;
#1684 = CARTESIAN_POINT ( 'NONE',  ( -1.400000000000000133, -0.1000000000000000749, -0.2500000000000003331 ) ) ;
#1685 = FACE_OUTER_BOUND ( 'NONE', #276, .T. ) ;
#1686 = EDGE_CURVE ( 'NONE', #1408, #970, #899, .T. ) ;
#1687 = ORIENTED_EDGE ( 'NONE', *, *, #1387, .F. ) ;
#1688 = DIRECTION ( 'NONE',  ( 0.000000000000000000, -0.000000000000000000, -1.000000000000000000 ) ) ;
#1689 = ORIENTED_EDGE ( 'NONE', *, *, #106, .F. ) ;
#1690 = AXIS2_PLACEMENT_3D ( 'NONE', #245, #910, #351 ) ;
#1691 = CARTESIAN_POINT ( 'NONE',  ( -1.400000000000000133, -0.1000000000000000749, -1.149999999999999689 ) ) ;
#1692 = PERSON_AND_ORGANIZATION ( #1399, #1674 ) ;
#1693 = AXIS2_PLACEMENT_3D ( 'NONE', #385, #93, #1644 ) ;
#1694 = EDGE_LOOP ( 'NONE', ( #1237, #1671, #365, #194, #978, #1028, #1654, #481, #1762 ) ) ;
#1695 = DIRECTION ( 'NONE',  ( 0.000000000000000000, 0.000000000000000000, -1.000000000000000000 ) ) ;
#1696 = PLANE ( 'NONE',  #1738 ) ;
#1697 = EDGE_LOOP ( 'NONE', ( #1546, #1102, #1543, #100 ) ) ;
#1698 = LINE ( 'NONE', #812, #1518 ) ;
#1699 = ADVANCED_FACE ( 'NONE', ( #1704 ), #445, .T. ) ;
#1700 = ORIENTED_EDGE ( 'NONE', *, *, #440, .T. ) ;
#1701 = CARTESIAN_POINT ( 'NONE',  ( 0.8000000000000001554, 0.6869192627366166315, -0.7499999999999997780 ) ) ;
#1702 = ORIENTED_EDGE ( 'NONE', *, *, #1778, .F. ) ;
#1703 = PLANE ( 'NONE',  #995 ) ;
#1704 = FACE_OUTER_BOUND ( 'NONE', #1449, .T. ) ;
#1705 = ORIENTED_EDGE ( 'NONE', *, *, #532, .T. ) ;
#1706 = CARTESIAN_POINT ( 'NONE',  ( -1.060000000000000275, 0.05999999999999999778, 0.7499999999999997780 ) ) ;
#1707 = VECTOR ( 'NONE', #1122, 1000.000000000000000 ) ;
#1708 = ORIENTED_EDGE ( 'NONE', *, *, #347, .T. ) ;
#1709 = EDGE_CURVE ( 'NONE', #688, #212, #23, .T. ) ;
#1710 = VECTOR ( 'NONE', #1695, 1000.000000000000000 ) ;
#1711 = CARTESIAN_POINT ( 'NONE',  ( 0.9000000000000001332, -1.355252715606880543E-17, -0.7499999999999997780 ) ) ;
#1712 = ORIENTED_EDGE ( 'NONE', *, *, #1506, .F. ) ;
#1713 = DIRECTION ( 'NONE',  ( -1.000000000000000000, -0.000000000000000000, 0.000000000000000000 ) ) ;
#1714 = CARTESIAN_POINT ( 'NONE',  ( 0.7999999999999997113, 1.100000000000000089, -1.450000000000000178 ) ) ;
#1715 = DIRECTION ( 'NONE',  ( -2.391622439306259897E-16, 1.000000000000000000, 0.000000000000000000 ) ) ;
#1716 = LINE ( 'NONE', #1046, #865 ) ;
#1717 = ORIENTED_EDGE ( 'NONE', *, *, #815, .T. ) ;
#1718 = EDGE_CURVE ( 'NONE', #457, #1436, #1575, .T. ) ;
#1719 = CARTESIAN_POINT ( 'NONE',  ( -0.8000000000000001554, 0.6869192627366167425, 1.149999999999999689 ) ) ;
#1720 = EDGE_CURVE ( 'NONE', #970, #528, #1220, .T. ) ;
#1721 = CYLINDRICAL_SURFACE ( 'NONE', #1825, 0.1000000000000000472 ) ;
#1722 = LINE ( 'NONE', #1567, #75 ) ;
#1723 = AXIS2_PLACEMENT_3D ( 'NONE', #526, #1078, #239 ) ;
#1724 = ORIENTED_EDGE ( 'NONE', *, *, #1221, .T. ) ;
#1725 = DIRECTION ( 'NONE',  ( -1.578354591726186430E-16, 1.000000000000000000, -0.000000000000000000 ) ) ;
#1726 = ORIENTED_EDGE ( 'NONE', *, *, #221, .F. ) ;
#1727 = CARTESIAN_POINT ( 'NONE',  ( -0.9000000000000001332, -1.355252715606880543E-17, 0.1499999999999996891 ) ) ;
#1728 = AXIS2_PLACEMENT_3D ( 'NONE', #1001, #728, #1286 ) ;
#1729 = DIRECTION ( 'NONE',  ( 0.000000000000000000, 0.000000000000000000, -1.000000000000000000 ) ) ;
#1730 = DIRECTION ( 'NONE',  ( -1.495451272393799296E-16, -0.000000000000000000, -1.000000000000000000 ) ) ;
#1731 = EDGE_CURVE ( 'NONE', #179, #1555, #1228, .T. ) ;
#1732 = ORIENTED_EDGE ( 'NONE', *, *, #1277, .F. ) ;
#1733 = FACE_OUTER_BOUND ( 'NONE', #1137, .T. ) ;
#1734 = ORIENTED_EDGE ( 'NONE', *, *, #859, .T. ) ;
#1735 = VECTOR ( 'NONE', #805, 1000.000000000000000 ) ;
#1736 = LINE ( 'NONE', #55, #1219 ) ;
#1737 = CIRCLE ( 'NONE', #938, 0.1000000000000000472 ) ;
#1738 = AXIS2_PLACEMENT_3D ( 'NONE', #566, #1395, #146 ) ;
#1739 = CARTESIAN_POINT ( 'NONE',  ( 0.9600000000000001865, 0.6869192627366166315, -0.7499999999999997780 ) ) ;
#1740 = CARTESIAN_POINT ( 'NONE',  ( -0.8000000000000001554, 0.6869192627366166315, -0.7499999999999997780 ) ) ;
#1741 = DIRECTION ( 'NONE',  ( 1.000000000000000000, -2.391622439306259897E-16, -0.000000000000000000 ) ) ;
#1742 = EDGE_CURVE ( 'NONE', #783, #92, #505, .T. ) ;
#1743 = DIRECTION ( 'NONE',  ( 1.000000000000000000, 0.000000000000000000, 0.000000000000000000 ) ) ;
#1744 = ORIENTED_EDGE ( 'NONE', *, *, #1506, .T. ) ;
#1745 = ORIENTED_EDGE ( 'NONE', *, *, #1754, .F. ) ;
#1746 = CYLINDRICAL_SURFACE ( 'NONE', #809, 0.1000000000000000472 ) ;
#1747 = CARTESIAN_POINT ( 'NONE',  ( -0.8000000000000000444, -1.355252715606880543E-17, -0.7499999999999997780 ) ) ;
#1748 = DIRECTION ( 'NONE',  ( 0.000000000000000000, 0.000000000000000000, -1.000000000000000000 ) ) ;
#1749 = DIRECTION ( 'NONE',  ( 0.000000000000000000, 0.000000000000000000, 1.000000000000000000 ) ) ;
#1750 = DIRECTION ( 'NONE',  ( 0.000000000000000000, -0.000000000000000000, 1.000000000000000000 ) ) ;
#1751 = APPROVAL ( #1682, 'UNSPECIFIED' ) ;
#1752 = VERTEX_POINT ( 'NONE', #645 ) ;
#1753 = VECTOR ( 'NONE', #1505, 1000.000000000000000 ) ;
#1754 = EDGE_CURVE ( 'NONE', #1132, #446, #57, .T. ) ;
#1755 = ORIENTED_EDGE ( 'NONE', *, *, #460, .T. ) ;
#1756 = DIRECTION ( 'NONE',  ( -1.000000000000000000, -2.391622439306259897E-16, 0.000000000000000000 ) ) ;
#1757 = LINE ( 'NONE', #64, #1024 ) ;
#1758 = LINE ( 'NONE', #787, #646 ) ;
#1759 = AXIS2_PLACEMENT_3D ( 'NONE', #761, #889, #454 ) ;
#1760 = CARTESIAN_POINT ( 'NONE',  ( 0.9000000000000006883, -0.1000000000000000056, 0.7499999999999997780 ) ) ;
#1761 = DIRECTION ( 'NONE',  ( -1.000000000000000000, 2.391622439306259897E-16, 0.000000000000000000 ) ) ;
#1762 = ORIENTED_EDGE ( 'NONE', *, *, #1378, .T. ) ;
#1763 = LOCAL_TIME ( 22, 32, 44.00000000000000000, #397 ) ;
#1764 = VERTEX_POINT ( 'NONE', #1349 ) ;
#1765 = CARTESIAN_POINT ( 'NONE',  ( -0.8600000000000000977, 0.5869192627366166537, 0.7499999999999997780 ) ) ;
#1766 = ADVANCED_FACE ( 'NONE', ( #926 ), #778, .T. ) ;
#1767 = AXIS2_PLACEMENT_3D ( 'NONE', #1063, #1638, #224 ) ;
#1768 = VECTOR ( 'NONE', #603, 1000.000000000000000 ) ;
#1769 = CARTESIAN_POINT ( 'NONE',  ( -0.9000000000000001332, -1.355252715606880543E-17, 1.149999999999999689 ) ) ;
#1770 = VECTOR ( 'NONE', #1659, 1000.000000000000000 ) ;
#1771 = FACE_OUTER_BOUND ( 'NONE', #1284, .T. ) ;
#1772 = LINE ( 'NONE', #1613, #1247 ) ;
#1773 = ORIENTED_EDGE ( 'NONE', *, *, #983, .F. ) ;
#1774 = ORIENTED_EDGE ( 'NONE', *, *, #939, .T. ) ;
#1775 = CARTESIAN_POINT ( 'NONE',  ( 0.9600000000000001865, 0.1600000000000000033, -0.7499999999999997780 ) ) ;
#1776 = DIRECTION ( 'NONE',  ( 0.000000000000000000, 0.000000000000000000, 1.000000000000000000 ) ) ;
#1777 = DIRECTION ( 'NONE',  ( 1.355252715606882022E-16, -1.000000000000000000, 0.000000000000000000 ) ) ;
#1778 = EDGE_CURVE ( 'NONE', #1101, #598, #87, .T. ) ;
#1779 = CARTESIAN_POINT ( 'NONE',  ( 0.8000000000000001554, 0.6869192627366166315, 1.149999999999999689 ) ) ;
#1780 = DIRECTION ( 'NONE',  ( 0.000000000000000000, 0.000000000000000000, -1.000000000000000000 ) ) ;
#1781 = ORIENTED_EDGE ( 'NONE', *, *, #1062, .F. ) ;
#1782 = VECTOR ( 'NONE', #231, 1000.000000000000000 ) ;
#1783 = VERTEX_POINT ( 'NONE', #1211 ) ;
#1784 = PLANE ( 'NONE',  #1693 ) ;
#1785 = CARTESIAN_POINT ( 'NONE',  ( -1.400000000000000133, 0.05999999999999994227, -0.2500000000000003331 ) ) ;
#1786 = CARTESIAN_POINT ( 'NONE',  ( -0.8000000000000003775, 1.100000000000000089, -1.450000000000000178 ) ) ;
#1787 = VERTEX_POINT ( 'NONE', #1064 ) ;
#1788 = DIRECTION ( 'NONE',  ( 0.000000000000000000, 0.000000000000000000, 1.000000000000000000 ) ) ;
#1789 = LINE ( 'NONE', #1799, #595 ) ;
#1790 = EDGE_CURVE ( 'NONE', #1258, #230, #655, .T. ) ;
#1791 = ORIENTED_EDGE ( 'NONE', *, *, #696, .F. ) ;
#1792 = ORIENTED_EDGE ( 'NONE', *, *, #45, .F. ) ;
#1793 = DIRECTION ( 'NONE',  ( -1.000000000000000000, 1.355252715606882022E-16, 0.000000000000000000 ) ) ;
#1794 = DIRECTION ( 'NONE',  ( 0.000000000000000000, -1.000000000000000000, -0.000000000000000000 ) ) ;
#1795 = VECTOR ( 'NONE', #560, 1000.000000000000000 ) ;
#1796 = VECTOR ( 'NONE', #626, 1000.000000000000000 ) ;
#1797 = ORIENTED_EDGE ( 'NONE', *, *, #347, .F. ) ;
#1798 = LINE ( 'NONE', #538, #1624 ) ;
#1799 = CARTESIAN_POINT ( 'NONE',  ( 0.9600000000000001865, 0.1600000000000000033, -0.7499999999999997780 ) ) ;
#1800 = EDGE_CURVE ( 'NONE', #782, #230, #65, .T. ) ;
#1801 = VERTEX_POINT ( 'NONE', #74 ) ;
#1802 = EDGE_CURVE ( 'NONE', #1553, #44, #636, .T. ) ;
#1803 = VERTEX_POINT ( 'NONE', #489 ) ;
#1804 = LINE ( 'NONE', #1391, #83 ) ;
#1805 = PERSON_AND_ORGANIZATION ( #1399, #1674 ) ;
#1806 = ORIENTED_EDGE ( 'NONE', *, *, #1277, .T. ) ;
#1807 = PLANE ( 'NONE',  #1470 ) ;
#1808 = DIRECTION ( 'NONE',  ( 0.000000000000000000, -1.000000000000000000, 0.000000000000000000 ) ) ;
#1809 = ORIENTED_EDGE ( 'NONE', *, *, #1289, .F. ) ;
#1810 = ORIENTED_EDGE ( 'NONE', *, *, #483, .T. ) ;
#1811 = AXIS2_PLACEMENT_3D ( 'NONE', #1313, #1176, #1743 ) ;
#1812 = EDGE_CURVE ( 'NONE', #767, #179, #662, .T. ) ;
#1813 = CARTESIAN_POINT ( 'NONE',  ( -0.8000000000000001554, 0.6869192627366166315, -0.2500000000000003331 ) ) ;
#1814 = SHAPE_DEFINITION_REPRESENTATION ( #490, #80 ) ;
#1815 = FACE_OUTER_BOUND ( 'NONE', #831, .T. ) ;
#1816 = DIRECTION ( 'NONE',  ( -0.000000000000000000, -1.000000000000000000, -0.000000000000000000 ) ) ;
#1817 = ORIENTED_EDGE ( 'NONE', *, *, #29, .T. ) ;
#1818 = AXIS2_PLACEMENT_3D ( 'NONE', #1422, #1583, #40 ) ;
#1819 = ORIENTED_EDGE ( 'NONE', *, *, #849, .T. ) ;
#1820 = EDGE_CURVE ( 'NONE', #1101, #1420, #1758, .T. ) ;
#1821 = CARTESIAN_POINT ( 'NONE',  ( 1.400000000000000133, -0.1000000000000000749, 1.149999999999999689 ) ) ;
#1822 = AXIS2_PLACEMENT_3D ( 'NONE', #806, #1777, #627 ) ;
#1823 = FACE_OUTER_BOUND ( 'NONE', #476, .T. ) ;
#1824 = CARTESIAN_POINT ( 'NONE',  ( 1.400000000000000133, -0.1000000000000000749, 1.149999999999999689 ) ) ;
#1825 = AXIS2_PLACEMENT_3D ( 'NONE', #172, #1170, #22 ) ;
#1826 = ORIENTED_EDGE ( 'NONE', *, *, #449, .F. ) ;
#1827 = CARTESIAN_POINT ( 'NONE',  ( -1.400000000000000133, -0.1000000000000000749, 0.7499999999999997780 ) ) ;
ENDSEC;
END-ISO-10303-21;
